MesswertID;MaschinenID;Datum;Zeit;Druck;Temperatur;Vibration;Anzahlwarning;Ausschuss;Produktionsindex
12478;A1;01.02.2022;06:00;47,61904762;61,9047619;28,57142857;3;2;85
12479;A1;01.02.2022;06:05;48,57142857;62,85714286;47,61904762;5;3;87
12480;A1;01.02.2022;06:10;57,14285714;76,19047619;33,33333333;12;11;91
12481;A1;01.02.2022;06:15;;;;2;;84
12482;A1;01.02.2022;06:20;;;;2;;85
12483;A1;01.02.2022;06:25;;;;1;;87
12484;A1;01.02.2022;06:30;;;;2;;99
12485;A1;01.02.2022;06:35;;;;1;;85
12486;A1;01.02.2022;06:40;;;;2;;90
12487;A1;01.02.2022;06:45;;;;1;;87
12488;A1;01.02.2022;06:50;;;;2;;86
12489;A1;01.02.2022;06:55;;;;1;;91
12490;A1;01.02.2022;07:00;47,61904762;61,9047619;28,57142857;4;2;100
12491;A1;01.02.2022;07:05;48,57142857;62,85714286;47,61904762;5;3;96
12492;A1;01.02.2022;07:10;48,57142857;62,85714286;47,61904762;5;3;95
12493;A1;01.02.2022;07:15;61,9047619;66,66666667;38,0952381;7;5;93
12494;A1;01.02.2022;07:20;;68,57142857;38,0952381;7;6;100
12495;A1;01.02.2022;07:25;63,80952381;69,52380952;42,85714286;8;7;100
12496;A1;01.02.2022;07:30;66,66666667;70,47619048;44,76190476;9;8;92
12497;A1;01.02.2022;07:35;67,61904762;71,42857143;45,71428571;10;9;85
12498;A1;01.02.2022;07:40;71,42857143;73,33333333;47,61904762;12;10;95
12499;A1;01.02.2022;07:45;;;;1;;87
12500;A1;01.02.2022;07:50;;;;1;;91
12501;A1;01.02.2022;07:55;;;;2;;85
12502;A1;01.02.2022;08:00;;;;2;;81
12503;A1;01.02.2022;08:05;;;;2;;88
12504;A1;01.02.2022;08:10;;;;1;;99
12505;A1;01.02.2022;08:15;;;;1;;81
12506;A1;01.02.2022;08:20;;;;1;;99
12507;A1;01.02.2022;08:25;;;;1;;84
12508;A1;01.02.2022;08:30;50,47619048;64,76190476;49,52380952;5;4;80
12509;A1;01.02.2022;08:35;61,9047619;66,66666667;38,0952381;6;5;95
12510;A1;01.02.2022;08:40;61,9047619;66,66666667;38,0952381;6;5;98
12511;A1;01.02.2022;08:45;61,9047619;66,66666667;38,0952381;6;5;88
12512;A1;01.02.2022;08:50;61,9047619;66,66666667;38,0952381;6;5;92
12513;A1;01.02.2022;08:55;61,9047619;66,66666667;38,0952381;6;5;99
12514;A1;01.02.2022;09:00;61,9047619;68,57142857;38,0952381;7;6;99
12515;A1;01.02.2022;09:05;61,9047619;68,57142857;38,0952381;8;6;88
12516;A1;01.02.2022;09:10;;68,57142857;38,0952381;7;6;94
12517;A1;01.02.2022;09:15;61,9047619;68,57142857;38,0952381;7;6;92
12518;A1;01.02.2022;09:20;61,9047619;68,57142857;38,0952381;8;6;82
12519;A1;01.02.2022;09:25;61,9047619;68,57142857;38,0952381;8;6;94
12520;A1;01.02.2022;09:30;61,9047619;68,57142857;38,0952381;7;6;81
12521;A1;01.02.2022;09:35;61,9047619;68,57142857;38,0952381;7;6;98
12522;A1;01.02.2022;09:40;63,80952381;69,52380952;42,85714286;8;7;100
12523;A1;01.02.2022;09:45;63,80952381;69,52380952;42,85714286;9;7;92
12524;A1;01.02.2022;09:50;63,80952381;69,52380952;42,85714286;9;7;83
12525;A1;01.02.2022;09:55;63,80952381;69,52380952;42,85714286;9;7;88
12526;A1;01.02.2022;10:00;;;;1;;97
12527;A1;01.02.2022;10:05;;;;2;;98
12528;A1;01.02.2022;10:10;;;;1;;84
12529;A1;01.02.2022;10:15;;;;2;;81
12530;A1;01.02.2022;10:20;67,61904762;71,42857143;45,71428571;11;9;89
12531;A1;01.02.2022;10:25;67,61904762;71,42857143;45,71428571;10;9;91
12532;A1;01.02.2022;10:30;71,42857143;73,33333333;47,61904762;12;10;99
12533;A1;01.02.2022;10:35;71,42857143;73,33333333;47,61904762;11;10;94
12534;A1;01.02.2022;10:40;61,9047619;66,66666667;38,0952381;7;5;100
12535;A1;01.02.2022;10:45;61,9047619;66,66666667;38,0952381;7;5;85
12536;A1;01.02.2022;10:50;61,9047619;68,57142857;38,0952381;8;6;99
12537;A1;01.02.2022;10:55;61,9047619;68,57142857;38,0952381;8;6;99
12538;A1;01.02.2022;11:00;61,9047619;68,57142857;38,0952381;8;6;91
12539;A1;01.02.2022;11:05;61,9047619;68,57142857;38,0952381;8;6;99
12540;A1;01.02.2022;11:10;61,9047619;68,57142857;38,0952381;8;6;95
12541;A1;01.02.2022;11:15;61,9047619;68,57142857;38,0952381;7;6;92
12542;A1;01.02.2022;11:20;61,9047619;68,57142857;38,0952381;8;6;90
12543;A1;01.02.2022;11:25;61,9047619;68,57142857;38,0952381;8;6;88
12544;A1;01.02.2022;11:30;63,80952381;69,52380952;42,85714286;8;7;95
12545;A1;01.02.2022;11:35;63,80952381;69,52380952;42,85714286;8;7;99
12546;A1;01.02.2022;11:40;63,80952381;69,52380952;42,85714286;8;7;92
12547;A1;01.02.2022;11:45;63,80952381;69,52380952;42,85714286;9;7;90
12548;A1;01.02.2022;11:50;66,66666667;70,47619048;44,76190476;10;8;90
12549;A1;01.02.2022;11:55;66,66666667;70,47619048;44,76190476;10;8;87
12550;A1;01.02.2022;12:00;66,66666667;70,47619048;44,76190476;10;8;88
12551;A1;01.02.2022;12:05;;;;1;;85
12552;A1;01.02.2022;12:10;;;;2;;83
12553;A1;01.02.2022;12:15;;;;2;;90
12554;A1;01.02.2022;12:20;848484;5465454;8486464;666;665;100
12555;A1;01.02.2022;12:25;;;;1;;98
12556;A1;01.02.2022;12:30;;;;2;;85
12557;A1;01.02.2022;12:35;;;;2;;81
12558;A1;01.02.2022;12:40;;;;2;;85
12559;A1;01.02.2022;12:45;47,61904762;61,9047619;28,57142857;3;2;90
12560;A1;01.02.2022;12:50;48,57142857;62,85714286;47,61904762;5;3;96
12561;A1;01.02.2022;12:55;57,14285714;76,19047619;33,33333333;12;11;100
12562;A1;01.02.2022;13:00;;;;2;;81
12563;A1;01.02.2022;13:05;;;;1;;94
12564;A1;01.02.2022;13:10;;;;2;;100
12565;A1;01.02.2022;13:15;;;;2;;88
12566;A1;01.02.2022;13:20;;;;1;;94
12567;A1;01.02.2022;13:25;;;;2;;100
12568;A1;01.02.2022;13:30;;;;2;;86
12569;A1;01.02.2022;13:35;;;;1;;90
12570;A1;01.02.2022;13:40;;;;1;;96
12571;A1;01.02.2022;13:45;47,61904762;61,9047619;28,57142857;3;2;83
12572;A1;01.02.2022;13:50;48,57142857;62,85714286;47,61904762;5;3;83
12573;A1;01.02.2022;13:55;48,57142857;62,85714286;47,61904762;4;3;94
12574;A1;01.02.2022;14:00;61,9047619;66,66666667;38,0952381;6;5;85
12575;A1;01.02.2022;14:05;61,9047619;68,57142857;38,0952381;7;6;97
12576;A1;01.02.2022;14:10;63,80952381;69,52380952;42,85714286;9;7;86
12577;A1;01.02.2022;14:15;66,66666667;70,47619048;44,76190476;9;8;100
12578;A1;01.02.2022;14:20;67,61904762;71,42857143;45,71428571;11;9;86
12579;A1;01.02.2022;14:25;71,42857143;73,33333333;47,61904762;11;10;94
12580;A1;01.02.2022;14:30;;;;1;;88
12581;A1;01.02.2022;14:35;;;;2;;98
12582;A1;01.02.2022;14:40;;;;1;;80
12583;A1;01.02.2022;14:45;55478;546548;5454568;566466;566464;87
12584;A1;01.02.2022;14:50;;;;2;;81
12585;A1;01.02.2022;14:55;;;;2;;85
12586;A1;01.02.2022;15:00;;;;1;;87
12587;A1;01.02.2022;15:05;;;;2;;93
12588;A1;01.02.2022;15:10;;;;2;;98
12589;A1;01.02.2022;15:15;50,47619048;64,76190476;49,52380952;5;4;90
12590;A1;01.02.2022;15:20;61,9047619;66,66666667;38,0952381;7;5;80
12591;A1;01.02.2022;15:25;61,9047619;66,66666667;38,0952381;6;5;80
12592;A1;01.02.2022;15:30;61,9047619;66,66666667;;6;5;80
12593;A1;01.02.2022;15:35;61,9047619;66,66666667;38,0952381;7;5;86
12594;A1;01.02.2022;15:40;66,66666667;70,47619048;44,76190476;9;8;88
12595;A1;01.02.2022;15:45;66,66666667;70,47619048;44,76190476;9;8;98
12596;A1;01.02.2022;15:50;66,66666667;70,47619048;44,76190476;9;8;82
12597;A1;01.02.2022;15:55;67,61904762;71,42857143;45,71428571;10;9;92
12598;A1;01.02.2022;16:00;47,61904762;61,9047619;28,57142857;4;2;89
12599;A1;01.02.2022;16:05;48,57142857;62,85714286;47,61904762;5;3;94
12600;A1;01.02.2022;16:10;47,61904762;61,9047619;28,57142857;4;2;89
12601;A1;01.02.2022;16:15;48,57142857;62,85714286;47,61904762;5;3;98
12602;A1;01.02.2022;16:20;;61,9047619;28,57142857;3;2;80
12603;A1;01.02.2022;16:25;48,57142857;62,85714286;47,61904762;5;3;97
12604;A1;01.02.2022;16:30;47,61904762;61,9047619;28,57142857;4;2;93
12605;A1;01.02.2022;16:35;48,57142857;62,85714286;47,61904762;5;3;89
12606;A1;01.02.2022;16:40;47,61904762;61,9047619;28,57142857;4;2;88
12607;A1;01.02.2022;16:45;48,57142857;62,85714286;47,61904762;4;3;91
12608;A1;01.02.2022;16:50;47,61904762;61,9047619;28,57142857;3;2;88
12609;A1;01.02.2022;16:55;48,57142857;62,85714286;47,61904762;5;3;92
12610;A1;01.02.2022;17:00;47,61904762;61,9047619;28,57142857;4;2;95
12611;A1;01.02.2022;17:05;48,57142857;62,85714286;47,61904762;4;3;80
12612;A1;01.02.2022;17:10;47,61904762;61,9047619;28,57142857;3;2;99
12613;A1;01.02.2022;17:15;48,57142857;62,85714286;47,61904762;5;3;83
12614;A1;01.02.2022;17:20;47,61904762;61,9047619;28,57142857;3;2;85
12615;A1;01.02.2022;17:25;48,57142857;62,85714286;47,61904762;5;3;95
12616;A1;01.02.2022;17:30;48,57142857;62,85714286;47,61904762;5;3;82
12617;A1;01.02.2022;17:35;61,9047619;66,66666667;;6;5;87
12618;A1;01.02.2022;17:40;61,9047619;68,57142857;38,0952381;7;6;82
12619;A1;01.02.2022;17:45;63,80952381;69,52380952;42,85714286;8;7;99
12620;A1;01.02.2022;17:50;66,66666667;70,47619048;44,76190476;9;8;98
12621;A1;01.02.2022;17:55;67,61904762;71,42857143;45,71428571;11;9;92
12622;A1;01.02.2022;18:00;71,42857143;73,33333333;47,61904762;12;10;98
12623;A1;01.02.2022;18:05;;;;2;;89
12624;A1;01.02.2022;18:10;;;;1;;96
12625;A1;01.02.2022;18:15;;;;2;;88
12626;A1;01.02.2022;18:20;9987;65654;4644;53;52;96
12627;A1;01.02.2022;18:25;;;;1;;88
12628;A1;01.02.2022;18:30;;;;1;;96
12629;A1;01.02.2022;18:35;;;;2;;93
12630;A1;01.02.2022;18:40;;;;1;;85
12631;A1;01.02.2022;18:45;67,61904762;71,42857143;45,71428571;11;9;98
12632;A1;01.02.2022;18:50;67,61904762;71,42857143;45,71428571;11;9;98
12633;A1;01.02.2022;18:55;71,42857143;73,33333333;47,61904762;12;10;85
12634;A1;01.02.2022;19:00;71,42857143;73,33333333;47,61904762;12;10;90
12635;A1;01.02.2022;19:05;61,9047619;66,66666667;38,0952381;7;5;80
12636;A1;01.02.2022;19:10;61,9047619;66,66666667;38,0952381;6;5;95
12637;A1;01.02.2022;19:15;;68,57142857;38,0952381;8;6;96
12638;A1;01.02.2022;19:20;61,9047619;68,57142857;38,0952381;8;6;96
12639;A1;01.02.2022;19:25;61,9047619;68,57142857;38,0952381;7;6;99
12640;A1;01.02.2022;19:30;61,9047619;68,57142857;38,0952381;7;6;96
12641;A1;01.02.2022;19:35;61,9047619;68,57142857;38,0952381;8;6;95
12642;A1;01.02.2022;19:40;61,9047619;68,57142857;38,0952381;7;6;90
12643;A1;01.02.2022;19:45;61,9047619;68,57142857;38,0952381;8;6;91
12644;A1;01.02.2022;19:50;61,9047619;68,57142857;38,0952381;7;6;100
12645;A1;01.02.2022;19:55;63,80952381;69,52380952;42,85714286;9;7;98
12646;A1;01.02.2022;20:00;63,80952381;;42,85714286;9;7;92
12647;A1;01.02.2022;20:05;63,80952381;69,52380952;42,85714286;9;7;90
12648;A1;01.02.2022;20:10;63,80952381;69,52380952;42,85714286;9;7;92
12649;A1;01.02.2022;20:15;66,66666667;70,47619048;44,76190476;10;8;80
12650;A1;01.02.2022;20:20;66,66666667;70,47619048;44,76190476;9;8;85
12651;A1;01.02.2022;20:25;66,66666667;70,47619048;44,76190476;9;8;80
12652;A1;01.02.2022;20:30;66,66666667;70,47619048;44,76190476;10;8;82
12653;A1;01.02.2022;20:35;67,61904762;71,42857143;45,71428571;11;9;81
12654;A1;01.02.2022;20:40;71,42857143;73,33333333;47,61904762;11;10;80
12655;A1;01.02.2022;20:45;;;;1;;99
12656;A1;01.02.2022;20:50;;;;1;;94
12657;A1;01.02.2022;20:55;;;;2;;83
12658;A1;01.02.2022;21:00;;;;1;;83
12659;A1;02.02.2022;06:00;44,9047619;58,37619048;26,94285714;3;2;91
12660;A1;02.02.2022;06:05;45,80285714;59,27428571;44,9047619;5;3;87
12661;A1;02.02.2022;06:10;53,88571429;71,84761905;31,43333333;13;11;82
12662;A1;02.02.2022;06:15;0;0;0;2;;89
12663;A1;02.02.2022;06:20;0;0;0;2;;85
12664;A1;02.02.2022;06:25;0;0;0;2;;82
12665;A1;02.02.2022;06:30;0;0;0;2;;96
12666;A1;02.02.2022;06:35;0;0;0;1;;89
12667;A1;02.02.2022;06:40;0;0;0;2;;100
12668;A1;02.02.2022;06:45;0;0;0;1;;92
12669;A1;02.02.2022;06:50;0;0;0;2;;97
12670;A1;02.02.2022;06:55;0;0;0;1;;84
12671;A1;02.02.2022;07:00;44,9047619;58,37619048;26,94285714;4;2;96
12672;A1;02.02.2022;07:05;45,80285714;59,27428571;44,9047619;4;3;87
12673;A1;02.02.2022;07:10;45,80285714;59,27428571;44,9047619;5;3;95
12674;A1;02.02.2022;07:15;58,37619048;62,86666667;35,92380952;7;5;83
12675;A1;02.02.2022;07:20;58,37619048;64,66285714;35,92380952;7;6;96
12676;A1;02.02.2022;07:25;60,17238095;65,56095238;40,41428571;9;7;88
12677;A1;02.02.2022;07:30;62,86666667;66,45904762;42,21047619;9;8;92
12678;A1;02.02.2022;07:35;63,7647619;67,35714286;43,10857143;10;9;85
12679;A1;02.02.2022;07:40;67,35714286;69,15333333;44,9047619;12;10;94
12680;A1;02.02.2022;07:45;0;0;0;1;;89
12681;A1;02.02.2022;07:50;0;0;0;1;;82
12682;A1;02.02.2022;07:55;0;0;0;1;;85
12683;A1;02.02.2022;08:00;0;0;0;1;;93
12684;A1;02.02.2022;08:05;0;0;0;2;;83
12685;A1;02.02.2022;08:10;0;0;0;2;;81
12686;A1;02.02.2022;08:15;0;0;0;2;;86
12687;A1;02.02.2022;08:20;0;0;0;2;;98
12688;A1;02.02.2022;08:25;0;0;0;1;;91
12689;A1;02.02.2022;08:30;47,59904762;61,07047619;46,70095238;5;4;91
12690;A1;02.02.2022;08:35;58,37619048;62,86666667;35,92380952;6;5;85
12691;A1;02.02.2022;08:40;58,37619048;62,86666667;35,92380952;6;5;95
12692;A1;02.02.2022;08:45;58,37619048;62,86666667;35,92380952;7;5;99
12693;A1;02.02.2022;08:50;58,37619048;62,86666667;35,92380952;6;5;98
12694;A1;02.02.2022;08:55;58,37619048;62,86666667;35,92380952;6;5;91
12695;A1;02.02.2022;09:00;58,37619048;64,66285714;35,92380952;8;6;99
12696;A1;02.02.2022;09:05;58,37619048;64,66285714;35,92380952;8;6;94
12697;A1;02.02.2022;09:10;58,37619048;64,66285714;35,92380952;7;6;91
12698;A1;02.02.2022;09:15;58,37619048;64,66285714;35,92380952;7;6;86
12699;A1;02.02.2022;09:20;58,37619048;64,66285714;35,92380952;7;6;85
12700;A1;02.02.2022;09:25;58,37619048;64,66285714;35,92380952;8;6;87
12701;A1;02.02.2022;09:30;58,37619048;64,66285714;35,92380952;8;6;84
12702;A1;02.02.2022;09:35;58,37619048;64,66285714;35,92380952;7;6;95
12703;A1;02.02.2022;09:40;60,17238095;65,56095238;40,41428571;8;7;91
12704;A1;02.02.2022;09:45;60,17238095;65,56095238;40,41428571;9;7;89
12705;A1;02.02.2022;09:50;60,17238095;65,56095238;40,41428571;8;7;97
12706;A1;02.02.2022;09:55;60,17238095;65,56095238;40,41428571;8;7;94
12707;A1;02.02.2022;10:00;0;0;0;1;;85
12708;A1;02.02.2022;10:05;0;0;0;1;;86
12709;A1;02.02.2022;10:10;0;0;0;1;;90
12710;A1;02.02.2022;10:15;0;0;0;2;;98
12711;A1;02.02.2022;10:20;63,7647619;67,35714286;43,10857143;11;9;83
12712;A1;02.02.2022;10:25;63,7647619;67,35714286;43,10857143;11;9;87
12713;A1;02.02.2022;10:30;67,35714286;69,15333333;44,9047619;12;10;92
12714;A1;02.02.2022;10:35;67,35714286;69,15333333;44,9047619;11;10;99
12715;A1;02.02.2022;10:40;58,37619048;62,86666667;35,92380952;6;5;84
12716;A1;02.02.2022;10:45;58,37619048;62,86666667;35,92380952;7;5;89
12717;A1;02.02.2022;10:50;58,37619048;64,66285714;35,92380952;8;6;90
12718;A1;02.02.2022;10:55;58,37619048;64,66285714;35,92380952;7;6;88
12719;A1;02.02.2022;11:00;58,37619048;64,66285714;35,92380952;8;6;90
12720;A1;02.02.2022;11:05;58,37619048;64,66285714;35,92380952;7;6;95
12721;A1;02.02.2022;11:10;58,37619048;64,66285714;35,92380952;8;6;81
12722;A1;02.02.2022;11:15;58,37619048;64,66285714;35,92380952;7;6;80
12723;A1;02.02.2022;11:20;58,37619048;64,66285714;35,92380952;7;6;88
12724;A1;02.02.2022;11:25;58,37619048;64,66285714;35,92380952;7;6;88
12725;A1;02.02.2022;11:30;60,17238095;65,56095238;40,41428571;8;7;87
12726;A1;02.02.2022;11:35;60,17238095;65,56095238;40,41428571;9;7;90
12727;A1;02.02.2022;11:40;60,17238095;65,56095238;40,41428571;9;7;92
12728;A1;02.02.2022;11:45;60,17238095;65,56095238;40,41428571;9;7;94
12729;A1;02.02.2022;11:50;62,86666667;66,45904762;42,21047619;10;8;90
12730;A1;02.02.2022;11:55;62,86666667;66,45904762;42,21047619;10;8;87
12731;A1;02.02.2022;12:00;62,86666667;66,45904762;42,21047619;9;8;81
12732;A1;02.02.2022;12:05;0;0;0;2;;89
12733;A1;02.02.2022;12:10;0;0;0;1;;80
12734;A1;02.02.2022;12:15;0;0;0;1;;86
12735;A1;02.02.2022;12:20;800120,412;5153923,122;8002735,552;667;665;95
12736;A1;02.02.2022;12:25;0;0;0;2;;97
12737;A1;02.02.2022;12:30;0;0;0;2;;100
12738;A1;02.02.2022;12:35;0;0;0;2;;83
12739;A1;02.02.2022;12:40;0;0;0;1;;88
12740;A1;02.02.2022;12:45;44,9047619;58,37619048;26,94285714;3;2;80
12741;A1;02.02.2022;12:50;45,80285714;59,27428571;44,9047619;5;3;82
12742;A1;02.02.2022;12:55;53,88571429;71,84761905;31,43333333;12;11;87
12743;A1;02.02.2022;13:00;0;0;0;1;;94
12744;A1;02.02.2022;13:05;0;0;0;1;;100
12745;A1;02.02.2022;13:10;0;0;0;1;;83
12746;A1;02.02.2022;13:15;0;0;0;2;;95
12747;A1;02.02.2022;13:20;0;0;0;1;;82
12748;A1;02.02.2022;13:25;0;0;0;2;;86
12749;A1;02.02.2022;13:30;0;0;0;1;;82
12750;A1;02.02.2022;13:35;0;0;0;2;;83
12751;A1;02.02.2022;13:40;0;0;0;1;;94
12752;A1;02.02.2022;13:45;44,9047619;58,37619048;26,94285714;3;2;85
12753;A1;02.02.2022;13:50;45,80285714;59,27428571;44,9047619;4;3;80
12754;A1;02.02.2022;13:55;45,80285714;59,27428571;44,9047619;5;3;88
12755;A1;02.02.2022;14:00;58,37619048;62,86666667;35,92380952;7;5;97
12756;A1;02.02.2022;14:05;58,37619048;64,66285714;35,92380952;8;6;100
12757;A1;02.02.2022;14:10;60,17238095;65,56095238;40,41428571;9;7;82
12758;A1;02.02.2022;14:15;62,86666667;66,45904762;42,21047619;9;8;94
12759;A1;02.02.2022;14:20;63,7647619;67,35714286;43,10857143;11;9;91
12760;A1;02.02.2022;14:25;67,35714286;69,15333333;44,9047619;12;10;96
12761;A1;02.02.2022;14:30;0;0;0;2;;82
12762;A1;02.02.2022;14:35;0;0;0;1;;100
12763;A1;02.02.2022;14:40;0;0;0;1;;91
12764;A1;02.02.2022;14:45;52315,754;515394,764;5143657,624;566465;566464;88
12765;A1;02.02.2022;14:50;0;0;0;1;;81
12766;A1;02.02.2022;14:55;0;0;0;2;;81
12767;A1;02.02.2022;15:00;0;0;0;1;;81
12768;A1;02.02.2022;15:05;0;0;0;2;;92
12769;A1;02.02.2022;15:10;0;0;0;1;;86
12770;A1;02.02.2022;15:15;47,59904762;61,07047619;46,70095238;6;4;81
12771;A1;02.02.2022;15:20;58,37619048;62,86666667;35,92380952;7;5;95
12772;A1;02.02.2022;15:25;58,37619048;62,86666667;35,92380952;6;5;91
12773;A1;02.02.2022;15:30;58,37619048;62,86666667;0;6;5;88
12774;A1;02.02.2022;15:35;58,37619048;62,86666667;35,92380952;7;5;80
12775;A1;02.02.2022;15:40;62,86666667;66,45904762;42,21047619;9;8;100
12776;A1;02.02.2022;15:45;62,86666667;66,45904762;42,21047619;10;8;80
12777;A1;02.02.2022;15:50;62,86666667;66,45904762;42,21047619;9;8;86
12778;A1;02.02.2022;15:55;63,7647619;67,35714286;43,10857143;11;9;95
12779;A1;02.02.2022;16:00;44,9047619;58,37619048;26,94285714;4;2;90
12780;A1;02.02.2022;16:05;45,80285714;59,27428571;44,9047619;5;3;92
12781;A1;02.02.2022;16:10;44,9047619;58,37619048;26,94285714;4;2;86
12782;A1;02.02.2022;16:15;45,80285714;59,27428571;44,9047619;5;3;82
12783;A1;02.02.2022;16:20;0;58,37619048;26,94285714;4;2;81
12784;A1;02.02.2022;16:25;45,80285714;59,27428571;44,9047619;5;3;96
12785;A1;02.02.2022;16:30;44,9047619;58,37619048;26,94285714;3;2;97
12786;A1;02.02.2022;16:35;45,80285714;59,27428571;44,9047619;5;3;86
12787;A1;02.02.2022;16:40;44,9047619;58,37619048;26,94285714;3;2;92
12788;A1;02.02.2022;16:45;45,80285714;59,27428571;44,9047619;5;3;81
12789;A1;02.02.2022;16:50;44,9047619;58,37619048;26,94285714;4;2;93
12790;A1;02.02.2022;16:55;45,80285714;59,27428571;44,9047619;5;3;86
12791;A1;02.02.2022;17:00;44,9047619;58,37619048;26,94285714;3;2;99
12792;A1;02.02.2022;17:05;45,80285714;59,27428571;44,9047619;4;3;91
12793;A1;02.02.2022;17:10;44,9047619;58,37619048;26,94285714;4;2;92
12794;A1;02.02.2022;17:15;45,80285714;59,27428571;44,9047619;5;3;84
12795;A1;02.02.2022;17:20;44,9047619;58,37619048;26,94285714;4;2;95
12796;A1;02.02.2022;17:25;45,80285714;59,27428571;44,9047619;5;3;88
12797;A1;02.02.2022;17:30;45,80285714;59,27428571;44,9047619;4;3;95
12798;A1;02.02.2022;17:35;58,37619048;62,86666667;0;6;5;98
12799;A1;02.02.2022;17:40;58,37619048;64,66285714;35,92380952;8;6;83
12800;A1;02.02.2022;17:45;60,17238095;65,56095238;40,41428571;9;7;100
12801;A1;02.02.2022;17:50;62,86666667;66,45904762;42,21047619;9;8;88
12802;A1;02.02.2022;17:55;63,7647619;67,35714286;43,10857143;10;9;91
12803;A1;02.02.2022;18:00;67,35714286;69,15333333;44,9047619;11;10;86
12804;A1;02.02.2022;18:05;0;0;0;1;;89
12805;A1;02.02.2022;18:10;0;0;0;1;;86
12806;A1;02.02.2022;18:15;0;0;0;1;;89
12807;A1;02.02.2022;18:20;9417,741;61911,722;4379,292;54;52;95
12808;A1;02.02.2022;18:25;0;0;0;2;;89
12809;A1;02.02.2022;18:30;0;0;0;2;;89
12810;A1;02.02.2022;18:35;0;0;0;1;;87
12811;A1;02.02.2022;18:40;0;0;0;1;;87
12812;A1;02.02.2022;18:45;63,7647619;67,35714286;43,10857143;10;9;84
12813;A1;02.02.2022;18:50;63,7647619;67,35714286;;2;;95
12814;A1;02.02.2022;18:55;67,35714286;69,15333333;44,9047619;11;10;86
12815;A1;02.02.2022;19:00;;69,15333333;44,9047619;11;10;96
12816;A1;02.02.2022;19:05;58,37619048;62,86666667;35,92380952;7;5;84
12817;A1;02.02.2022;19:10;58,37619048;62,86666667;35,92380952;6;5;97
12818;A1;02.02.2022;19:15;0;64,66285714;35,92380952;7;6;95
12819;A1;02.02.2022;19:20;58,37619048;64,66285714;35,92380952;8;6;88
12820;A1;02.02.2022;19:25;58,37619048;64,66285714;35,92380952;7;6;95
12821;A1;02.02.2022;19:30;58,37619048;64,66285714;35,92380952;8;6;82
12822;A1;02.02.2022;19:35;58,37619048;64,66285714;35,92380952;7;6;81
12823;A1;02.02.2022;19:40;58,37619048;64,66285714;35,92380952;8;6;81
12824;A1;02.02.2022;19:45;58,37619048;64,66285714;35,92380952;7;6;87
12825;A1;02.02.2022;19:50;58,37619048;64,66285714;35,92380952;8;6;97
12826;A1;02.02.2022;19:55;60,17238095;65,56095238;40,41428571;9;7;85
12827;A1;02.02.2022;20:00;60,17238095;0;40,41428571;2;;81
12828;A1;02.02.2022;20:05;60,17238095;65,56095238;40,41428571;8;7;99
12829;A1;02.02.2022;20:10;60,17238095;65,56095238;40,41428571;9;7;92
12830;A1;02.02.2022;20:15;62,86666667;66,45904762;42,21047619;10;8;93
12831;A1;02.02.2022;20:20;62,86666667;66,45904762;42,21047619;9;8;94
12832;A1;02.02.2022;20:25;62,86666667;66,45904762;42,21047619;9;8;88
12833;A1;02.02.2022;20:30;62,86666667;66,45904762;42,21047619;10;8;87
12834;A1;02.02.2022;20:35;63,7647619;67,35714286;43,10857143;10;9;85
12835;A1;02.02.2022;20:40;67,35714286;69,15333333;44,9047619;12;10;92
12836;A1;02.02.2022;20:45;0;0;0;2;;100
12837;A1;02.02.2022;20:50;0;0;0;2;;87
12838;A1;02.02.2022;20:55;0;0;0;1;;93
12839;A1;02.02.2022;21:00;0;0;0;2;;85
12840;A1;03.02.2022;06:00;67,61904762;71,42857143;45,71428571;11;9;87
12841;A1;03.02.2022;06:05;67,61904762;71,42857143;45,71428571;11;9;97
12842;A1;03.02.2022;06:10;71,42857143;73,33333333;47,61904762;12;10;94
12843;A1;03.02.2022;06:15;71,42857143;73,33333333;47,61904762;11;10;94
12844;A1;03.02.2022;06:20;;66,66666667;38,0952381;7;5;97
12845;A1;03.02.2022;06:25;61,9047619;66,66666667;38,0952381;6;5;92
12846;A1;03.02.2022;06:30;61,9047619;68,57142857;38,0952381;7;6;81
12847;A1;03.02.2022;06:35;61,9047619;68,57142857;38,0952381;7;6;93
12848;A1;03.02.2022;06:40;61,9047619;68,57142857;38,0952381;8;6;85
12849;A1;03.02.2022;06:45;61,9047619;68,57142857;38,0952381;7;6;80
12850;A1;03.02.2022;06:50;61,9047619;68,57142857;38,0952381;8;6;98
12851;A1;03.02.2022;06:55;61,9047619;68,57142857;38,0952381;7;6;94
12852;A1;03.02.2022;07:00;61,9047619;;38,0952381;7;6;84
12853;A1;03.02.2022;07:05;61,9047619;68,57142857;38,0952381;7;6;87
12854;A1;03.02.2022;07:10;63,80952381;69,52380952;42,85714286;8;7;80
12855;A1;03.02.2022;07:15;63,80952381;69,52380952;42,85714286;9;7;94
12856;A1;03.02.2022;07:20;63,80952381;69,52380952;42,85714286;8;7;83
12857;A1;03.02.2022;07:25;63,80952381;69,52380952;42,85714286;8;7;97
12858;A1;03.02.2022;07:30;66,66666667;70,47619048;44,76190476;10;8;84
12859;A1;03.02.2022;07:35;66,66666667;70,47619048;44,76190476;10;8;93
12860;A1;03.02.2022;07:40;66,66666667;70,47619048;44,76190476;9;8;91
12861;A1;03.02.2022;07:45;67,35714286;69,15333333;44,9047619;12;10;94
12862;A1;03.02.2022;07:50;67,35714286;69,15333333;44,9047619;11;10;94
12863;A1;03.02.2022;07:55;67,35714286;69,15333333;44,9047619;12;10;91
12864;A1;03.02.2022;08:00;67,35714286;69,15333333;44,9047619;11;10;87
12865;A1;03.02.2022;08:05;;;;1;;89
12866;A1;03.02.2022;08:10;;;;2;;96
12867;A1;03.02.2022;08:15;;;;1;;96
12868;A1;03.02.2022;08:20;;;;2;;88
12869;A1;03.02.2022;08:25;;;;2;;99
12870;A1;03.02.2022;08:30;;;;1;;83
12871;A1;03.02.2022;08:35;;;;1;;91
12872;A1;03.02.2022;08:40;;;;2;;82
12873;A1;03.02.2022;08:45;;;;1;;94
12874;A1;03.02.2022;08:50;;;;2;;97
12875;A1;03.02.2022;08:55;;;;2;;80
12876;A1;03.02.2022;09:00;;;;2;;83
12877;A1;03.02.2022;09:05;;;;2;;96
12878;A1;03.02.2022;09:10;;;;2;;84
12879;A1;03.02.2022;09:15;;;;2;;86
12880;A1;03.02.2022;09:20;;;;2;;85
12881;A1;03.02.2022;09:25;;;;1;;100
12882;A1;03.02.2022;09:30;;;;2;;99
12883;A1;03.02.2022;09:35;;;;1;;98
12884;A1;03.02.2022;09:40;;;;2;;93
12885;A1;03.02.2022;09:45;;;;2;;80
12886;A1;03.02.2022;09:50;;;;1;;98
12887;A1;03.02.2022;09:55;;;;1;;82
12888;A1;03.02.2022;10:00;;;;1;;80
12889;A1;03.02.2022;10:05;;;;1;;83
12890;A1;03.02.2022;10:10;;;;2;;94
12891;A1;03.02.2022;10:15;;;;1;;89
12892;A1;03.02.2022;10:20;;;;1;;99
12893;A1;03.02.2022;10:25;;;;1;;94
12894;A1;03.02.2022;10:30;;;;2;;84
12895;A1;03.02.2022;10:35;48,57142857;62,85714286;47,61904762;5;3;84
12896;A1;03.02.2022;10:40;47,61904762;61,9047619;28,57142857;4;2;95
12897;A1;03.02.2022;10:45;48,57142857;62,85714286;47,61904762;4;3;80
12898;A1;03.02.2022;10:50;47,61904762;61,9047619;28,57142857;3;2;86
12899;A1;03.02.2022;10:55;48,57142857;62,85714286;47,61904762;5;3;83
12900;A1;03.02.2022;11:00;47,61904762;61,9047619;28,57142857;4;2;83
12901;A1;03.02.2022;11:05;48,57142857;62,85714286;47,61904762;5;3;94
12902;A1;03.02.2022;11:10;47,61904762;61,9047619;28,57142857;4;2;82
12903;A1;03.02.2022;11:15;48,57142857;62,85714286;47,61904762;4;3;94
12904;A1;03.02.2022;11:20;48,57142857;62,85714286;47,61904762;5;3;95
12905;A1;03.02.2022;11:25;47,61904762;61,9047619;28,57142857;3;2;96
12906;A1;03.02.2022;11:30;48,57142857;62,85714286;47,61904762;4;3;87
12907;A1;03.02.2022;11:35;47,61904762;61,9047619;28,57142857;3;2;87
12908;A1;03.02.2022;11:40;48,57142857;62,85714286;47,61904762;4;3;90
12909;A1;03.02.2022;11:45;47,61904762;61,9047619;28,57142857;3;2;93
12910;A1;03.02.2022;11:50;48,57142857;62,85714286;47,61904762;4;3;81
12911;A1;03.02.2022;11:55;47,61904762;61,9047619;28,57142857;3;2;96
12912;A1;03.02.2022;12:00;48,57142857;62,85714286;47,61904762;4;3;100
12913;A1;03.02.2022;12:05;48,57142857;62,85714286;47,61904762;4;3;95
12914;A1;03.02.2022;12:10;47,61904762;61,9047619;28,57142857;3;2;96
12915;A1;03.02.2022;12:15;48,57142857;62,85714286;47,61904762;4;3;91
12916;A1;03.02.2022;12:20;47,61904762;61,9047619;28,57142857;3;2;84
12917;A1;03.02.2022;12:25;48,57142857;62,85714286;47,61904762;4;3;83
12918;A1;03.02.2022;12:30;47,61904762;61,9047619;28,57142857;3;2;86
12919;A1;03.02.2022;12:35;48,57142857;62,85714286;47,61904762;4;3;92
12920;A1;03.02.2022;12:40;47,61904762;61,9047619;28,57142857;4;2;88
12921;A1;03.02.2022;12:45;48,57142857;62,85714286;47,61904762;4;3;86
12922;A1;03.02.2022;12:50;48,57142857;62,85714286;47,61904762;4;3;93
12923;A1;03.02.2022;12:55;47,61904762;61,9047619;28,57142857;4;2;81
12924;A1;03.02.2022;13:00;48,57142857;62,85714286;47,61904762;5;3;98
12925;A1;03.02.2022;13:05;47,61904762;61,9047619;28,57142857;4;2;88
12926;A1;03.02.2022;13:10;48,57142857;62,85714286;47,61904762;5;3;81
12927;A1;03.02.2022;13:15;47,61904762;61,9047619;28,57142857;3;2;89
12928;A1;03.02.2022;13:20;48,57142857;62,85714286;47,61904762;5;3;93
12929;A1;03.02.2022;13:25;47,61904762;61,9047619;28,57142857;3;2;87
12930;A1;03.02.2022;13:30;48,57142857;62,85714286;47,61904762;4;3;96
12931;A1;03.02.2022;13:35;48,57142857;62,85714286;47,61904762;5;3;85
12932;A1;03.02.2022;13:40;47,61904762;61,9047619;28,57142857;4;2;81
12933;A1;03.02.2022;13:45;48,57142857;62,85714286;47,61904762;5;3;95
12934;A1;03.02.2022;13:50;47,61904762;61,9047619;28,57142857;3;2;83
12935;A1;03.02.2022;13:55;48,57142857;62,85714286;47,61904762;4;3;99
12936;A1;03.02.2022;14:00;48,57142857;62,85714286;47,61904762;4;3;87
12937;A1;03.02.2022;14:05;47,61904762;61,9047619;28,57142857;4;2;85
12938;A1;03.02.2022;14:10;48,57142857;62,85714286;47,61904762;4;3;87
12939;A1;03.02.2022;14:15;47,61904762;61,9047619;28,57142857;4;2;99
12940;A1;03.02.2022;14:20;48,57142857;62,85714286;47,61904762;5;3;82
12941;A1;03.02.2022;14:25;47,61904762;61,9047619;28,57142857;3;2;82
12942;A1;03.02.2022;14:30;48,57142857;62,85714286;47,61904762;4;3;81
12943;A1;03.02.2022;14:35;47,61904762;61,9047619;28,57142857;3;2;86
12944;A1;03.02.2022;14:40;48,57142857;62,85714286;47,61904762;5;3;83
12945;A1;03.02.2022;14:45;48,57142857;62,85714286;47,61904762;5;3;98
12946;A1;03.02.2022;14:50;47,61904762;61,9047619;28,57142857;4;2;91
12947;A1;03.02.2022;14:55;48,57142857;62,85714286;47,61904762;4;3;84
12948;A1;03.02.2022;15:00;47,61904762;61,9047619;28,57142857;4;2;83
12949;A1;03.02.2022;15:05;48,57142857;62,85714286;47,61904762;4;3;88
12950;A1;03.02.2022;15:10;47,61904762;61,9047619;28,57142857;4;2;80
12951;A1;03.02.2022;15:15;48,57142857;62,85714286;47,61904762;5;3;100
12952;A1;03.02.2022;15:20;47,61904762;61,9047619;28,57142857;4;2;88
12953;A1;03.02.2022;15:25;48,57142857;62,85714286;47,61904762;5;3;80
12954;A1;03.02.2022;15:30;48,57142857;62,85714286;47,61904762;5;3;84
12955;A1;03.02.2022;15:35;47,61904762;61,9047619;28,57142857;3;2;87
12956;A1;03.02.2022;15:40;48,57142857;62,85714286;47,61904762;4;3;88
12957;A1;03.02.2022;15:45;47,61904762;61,9047619;28,57142857;3;2;85
12958;A1;03.02.2022;15:50;48,57142857;62,85714286;47,61904762;4;3;83
12959;A1;03.02.2022;15:55;47,61904762;61,9047619;28,57142857;4;2;85
12960;A1;03.02.2022;16:00;48,57142857;62,85714286;47,61904762;5;3;100
12961;A1;03.02.2022;16:05;47,61904762;61,9047619;28,57142857;3;2;100
12962;A1;03.02.2022;16:10;48,57142857;62,85714286;47,61904762;4;3;99
12963;A1;03.02.2022;16:15;48,57142857;62,85714286;47,61904762;4;3;97
12964;A1;03.02.2022;16:20;47,61904762;61,9047619;28,57142857;4;2;98
12965;A1;03.02.2022;16:25;48,57142857;62,85714286;47,61904762;5;3;93
12966;A1;03.02.2022;16:30;47,61904762;61,9047619;28,57142857;4;2;95
12967;A1;03.02.2022;16:35;48,57142857;62,85714286;47,61904762;5;3;93
12968;A1;03.02.2022;16:40;47,61904762;61,9047619;28,57142857;3;2;86
12969;A1;03.02.2022;16:45;48,57142857;62,85714286;47,61904762;4;3;100
12970;A1;03.02.2022;16:50;47,61904762;61,9047619;28,57142857;3;2;80
12971;A1;03.02.2022;16:55;48,57142857;62,85714286;47,61904762;4;3;95
12972;A1;03.02.2022;17:00;48,57142857;62,85714286;47,61904762;5;3;84
12973;A1;03.02.2022;17:05;47,61904762;61,9047619;28,57142857;4;2;93
12974;A1;03.02.2022;17:10;48,57142857;62,85714286;47,61904762;5;3;100
12975;A1;03.02.2022;17:15;47,61904762;61,9047619;28,57142857;3;2;91
12976;A1;03.02.2022;17:20;48,57142857;62,85714286;47,61904762;5;3;91
12977;A1;03.02.2022;17:25;47,61904762;61,9047619;28,57142857;3;2;82
12978;A1;03.02.2022;17:30;48,57142857;62,85714286;47,61904762;4;3;83
12979;A1;03.02.2022;17:35;47,61904762;61,9047619;28,57142857;4;2;91
12980;A1;03.02.2022;17:40;48,57142857;62,85714286;47,61904762;5;3;81
12981;A1;03.02.2022;17:45;48,57142857;62,85714286;47,61904762;5;3;82
12982;A1;03.02.2022;17:50;47,61904762;61,9047619;28,57142857;3;2;82
12983;A1;03.02.2022;17:55;48,57142857;62,85714286;47,61904762;4;3;92
12984;A1;03.02.2022;18:00;47,61904762;61,9047619;28,57142857;3;2;98
12985;A1;03.02.2022;18:05;48,57142857;62,85714286;47,61904762;5;3;81
12986;A1;03.02.2022;18:10;47,61904762;61,9047619;28,57142857;3;2;83
12987;A1;03.02.2022;18:15;48,57142857;62,85714286;47,61904762;4;3;87
12988;A1;03.02.2022;18:20;47,61904762;61,9047619;28,57142857;4;2;82
12989;A1;03.02.2022;18:25;48,57142857;62,85714286;47,61904762;4;3;80
12990;A1;03.02.2022;18:30;48,57142857;62,85714286;47,61904762;4;3;81
12991;A1;03.02.2022;18:35;47,61904762;61,9047619;28,57142857;3;2;96
12992;A1;03.02.2022;18:40;48,57142857;62,85714286;47,61904762;5;3;99
12993;A1;03.02.2022;18:45;47,61904762;61,9047619;28,57142857;3;2;95
12994;A1;03.02.2022;18:50;48,57142857;62,85714286;47,61904762;5;3;82
12995;A1;03.02.2022;18:55;47,61904762;61,9047619;28,57142857;4;2;91
12996;A1;03.02.2022;19:00;48,57142857;62,85714286;47,61904762;4;3;89
12997;A1;03.02.2022;19:05;47,61904762;61,9047619;28,57142857;4;2;96
12998;A1;03.02.2022;19:10;48,57142857;62,85714286;47,61904762;5;3;93
12999;A1;03.02.2022;19:15;48,57142857;62,85714286;47,61904762;4;3;96
13000;A1;03.02.2022;19:20;47,61904762;61,9047619;28,57142857;3;2;93
13001;A1;03.02.2022;19:25;48,57142857;62,85714286;47,61904762;4;3;85
13002;A1;03.02.2022;19:30;47,61904762;61,9047619;28,57142857;4;2;95
13003;A1;03.02.2022;19:35;48,57142857;62,85714286;47,61904762;4;3;95
13004;A1;03.02.2022;19:40;47,61904762;61,9047619;28,57142857;3;2;99
13005;A1;03.02.2022;19:45;48,57142857;62,85714286;47,61904762;5;3;87
13006;A1;03.02.2022;19:50;47,61904762;61,9047619;28,57142857;3;2;84
13007;A1;03.02.2022;19:55;48,57142857;62,85714286;47,61904762;5;3;81
13008;A1;03.02.2022;20:00;48,57142857;62,85714286;47,61904762;4;3;82
13009;A1;03.02.2022;20:05;47,61904762;61,9047619;28,57142857;4;2;86
13010;A1;03.02.2022;20:10;48,57142857;62,85714286;47,61904762;5;3;85
13011;A1;03.02.2022;20:15;47,61904762;61,9047619;28,57142857;4;2;93
13012;A1;03.02.2022;20:20;48,57142857;62,85714286;47,61904762;5;3;88
13013;A1;03.02.2022;20:25;47,61904762;61,9047619;28,57142857;3;2;80
13014;A1;03.02.2022;20:30;48,57142857;62,85714286;47,61904762;5;3;95
13015;A1;03.02.2022;20:35;47,61904762;61,9047619;28,57142857;3;2;85
13016;A1;03.02.2022;20:40;48,57142857;62,85714286;47,61904762;4;3;89
13017;A1;03.02.2022;20:45;48,57142857;62,85714286;47,61904762;4;3;86
13018;A1;03.02.2022;20:50;47,61904762;61,9047619;28,57142857;3;2;91
13019;A1;03.02.2022;20:55;48,57142857;62,85714286;47,61904762;5;3;80
13020;A1;03.02.2022;21:00;47,61904762;61,9047619;28,57142857;4;2;93
13021;A1;04.02.2022;06:00;47,61904762;61,9047619;28,57142857;3;2;89
13022;A1;04.02.2022;06:05;48,57142857;62,85714286;47,61904762;5;3;85
13023;A1;04.02.2022;06:10;57,14285714;76,19047619;33,33333333;12;11;92
13024;A1;04.02.2022;06:15;;;;2;;90
13025;A1;04.02.2022;06:20;;;;1;;87
13026;A1;04.02.2022;06:25;;;;1;;90
13027;A1;04.02.2022;06:30;;;;1;;81
13028;A1;04.02.2022;06:35;;;;2;;84
13029;A1;04.02.2022;06:40;;;;1;;98
13030;A1;04.02.2022;06:45;;;;1;;93
13031;A1;04.02.2022;06:50;;;;2;;84
13032;A1;04.02.2022;06:55;;;;2;;83
13033;A1;04.02.2022;07:00;47,61904762;61,9047619;28,57142857;4;2;87
13034;A1;04.02.2022;07:05;48,57142857;62,85714286;47,61904762;5;3;94
13035;A1;04.02.2022;07:10;48,57142857;62,85714286;47,61904762;5;3;85
13036;A1;04.02.2022;07:15;61,9047619;66,66666667;38,0952381;7;5;97
13037;A1;04.02.2022;07:20;61,9047619;68,57142857;38,0952381;7;6;96
13038;A1;04.02.2022;07:25;63,80952381;69,52380952;42,85714286;9;7;89
13039;A1;04.02.2022;07:30;66,66666667;70,47619048;44,76190476;10;8;92
13040;A1;04.02.2022;07:35;67,61904762;71,42857143;45,71428571;10;9;94
13041;A1;04.02.2022;07:40;71,42857143;73,33333333;47,61904762;11;10;95
13042;A1;04.02.2022;07:45;;;;2;;93
13043;A1;04.02.2022;07:50;;;;2;;86
13044;A1;04.02.2022;07:55;;;;2;;81
13045;A1;04.02.2022;08:00;;;;1;;99
13046;A1;04.02.2022;08:05;;;;1;;90
13047;A1;04.02.2022;08:10;;;;2;;87
13048;A1;04.02.2022;08:15;;;;2;;91
13049;A1;04.02.2022;08:20;;;;1;;89
13050;A1;04.02.2022;08:25;;;;1;;88
13051;A1;04.02.2022;08:30;50,47619048;64,76190476;49,52380952;6;4;85
13052;A1;04.02.2022;08:35;61,9047619;66,66666667;38,0952381;6;5;100
13053;A1;04.02.2022;08:40;61,9047619;66,66666667;38,0952381;7;5;100
13054;A1;04.02.2022;08:45;61,9047619;66,66666667;38,0952381;6;5;100
13055;A1;04.02.2022;08:50;61,9047619;66,66666667;38,0952381;6;5;80
13056;A1;04.02.2022;08:55;61,9047619;66,66666667;38,0952381;6;5;81
13057;A1;04.02.2022;09:00;61,9047619;68,57142857;38,0952381;7;6;80
13058;A1;04.02.2022;09:05;61,9047619;68,57142857;38,0952381;7;6;90
13059;A1;04.02.2022;09:10;61,9047619;68,57142857;38,0952381;7;6;89
13060;A1;04.02.2022;09:15;61,9047619;68,57142857;38,0952381;8;6;85
13061;A1;04.02.2022;09:20;61,9047619;68,57142857;38,0952381;8;6;100
13062;A1;04.02.2022;09:25;61,9047619;68,57142857;38,0952381;7;6;97
13063;A1;04.02.2022;09:30;61,9047619;68,57142857;38,0952381;8;6;99
13064;A1;04.02.2022;09:35;61,9047619;68,57142857;38,0952381;8;6;95
13065;A1;04.02.2022;09:40;63,80952381;69,52380952;42,85714286;8;7;91
13066;A1;04.02.2022;09:45;63,80952381;69,52380952;42,85714286;9;7;92
13067;A1;04.02.2022;09:50;63,80952381;69,52380952;42,85714286;8;7;99
13068;A1;04.02.2022;09:55;63,80952381;69,52380952;42,85714286;9;7;82
13069;A1;04.02.2022;10:00;;;;1;;97
13070;A1;04.02.2022;10:05;;;;1;;83
13071;A1;04.02.2022;10:10;;;;1;;99
13072;A1;04.02.2022;10:15;;;;1;;86
13073;A1;04.02.2022;10:20;67,61904762;71,42857143;45,71428571;10;9;96
13074;A1;04.02.2022;10:25;67,61904762;71,42857143;45,71428571;11;9;97
13075;A1;04.02.2022;10:30;71,42857143;73,33333333;47,61904762;12;10;90
13076;A1;04.02.2022;10:35;71,42857143;73,33333333;47,61904762;11;10;91
13077;A1;04.02.2022;10:40;61,9047619;66,66666667;38,0952381;7;5;85
13078;A1;04.02.2022;10:45;61,9047619;66,66666667;38,0952381;6;5;85
13079;A1;04.02.2022;10:50;61,9047619;68,57142857;38,0952381;7;6;97
13080;A1;04.02.2022;10:55;61,9047619;68,57142857;38,0952381;8;6;97
13081;A1;04.02.2022;11:00;61,9047619;68,57142857;38,0952381;8;6;99
13082;A1;04.02.2022;11:05;61,9047619;68,57142857;38,0952381;7;6;93
13083;A1;04.02.2022;11:10;61,9047619;68,57142857;38,0952381;7;6;86
13084;A1;04.02.2022;11:15;61,9047619;68,57142857;38,0952381;7;6;82
13085;A1;04.02.2022;11:20;61,9047619;68,57142857;38,0952381;7;6;89
13086;A1;04.02.2022;11:25;61,9047619;68,57142857;38,0952381;7;6;98
13087;A1;04.02.2022;11:30;63,80952381;69,52380952;42,85714286;9;7;92
13088;A1;04.02.2022;11:35;63,80952381;69,52380952;42,85714286;8;7;92
13089;A1;04.02.2022;11:40;63,80952381;69,52380952;42,85714286;8;7;86
13090;A1;04.02.2022;11:45;63,80952381;69,52380952;42,85714286;8;7;89
13091;A1;04.02.2022;11:50;66,66666667;70,47619048;44,76190476;10;8;80
13092;A1;04.02.2022;11:55;66,66666667;70,47619048;44,76190476;9;8;82
13093;A1;04.02.2022;12:00;66,66666667;70,47619048;44,76190476;9;8;87
13094;A1;04.02.2022;12:05;;;;2;;88
13095;A1;04.02.2022;12:10;;;;1;;80
13096;A1;04.02.2022;12:15;;;;1;;92
13097;A1;04.02.2022;12:20;848484;5465454;8486464;667;665;93
13098;A1;04.02.2022;12:25;;;;2;;91
13099;A1;04.02.2022;12:30;;;;2;;89
13100;A1;04.02.2022;12:35;;;;2;;84
13101;A1;04.02.2022;12:40;;;;1;;81
13102;A1;04.02.2022;12:45;47,61904762;61,9047619;28,57142857;3;2;100
13103;A1;04.02.2022;12:50;48,57142857;62,85714286;47,61904762;5;3;83
13104;A1;04.02.2022;12:55;57,14285714;76,19047619;33,33333333;13;11;83
13105;A1;04.02.2022;13:00;;;;1;;91
13106;A1;04.02.2022;13:05;;;;2;;99
13107;A1;04.02.2022;13:10;;;;2;;93
13108;A1;04.02.2022;13:15;;;;1;;93
13109;A1;04.02.2022;13:20;;;;1;;85
13110;A1;04.02.2022;13:25;;;;2;;80
13111;A1;04.02.2022;13:30;;;;2;;95
13112;A1;04.02.2022;13:35;;;;1;;86
13113;A1;04.02.2022;13:40;;;;2;;81
13114;A1;04.02.2022;13:45;47,61904762;61,9047619;28,57142857;4;2;92
13115;A1;04.02.2022;13:50;48,57142857;62,85714286;47,61904762;4;3;99
13116;A1;04.02.2022;13:55;48,57142857;62,85714286;47,61904762;5;3;89
13117;A1;04.02.2022;14:00;61,9047619;66,66666667;38,0952381;7;5;91
13118;A1;04.02.2022;14:05;61,9047619;68,57142857;38,0952381;7;6;100
13119;A1;04.02.2022;14:10;63,80952381;69,52380952;42,85714286;9;7;95
13120;A1;04.02.2022;14:15;66,66666667;70,47619048;44,76190476;10;8;82
13121;A1;04.02.2022;14:20;67,61904762;71,42857143;45,71428571;11;9;99
13122;A1;04.02.2022;14:25;71,42857143;73,33333333;47,61904762;12;10;87
13123;A1;04.02.2022;14:30;;;;2;;85
13124;A1;04.02.2022;14:35;;;;2;;100
13125;A1;04.02.2022;14:40;;;;2;;83
13126;A1;04.02.2022;14:45;55478;546548;5454568;566465;566464;89
13127;A1;04.02.2022;14:50;;;;1;;95
13128;A1;04.02.2022;14:55;;;;2;;100
13129;A1;04.02.2022;15:00;;;;2;;88
13130;A1;04.02.2022;15:05;;;;2;;92
13131;A1;04.02.2022;15:10;;;;1;;83
13132;A1;04.02.2022;15:15;50,47619048;64,76190476;49,52380952;5;4;85
13133;A1;04.02.2022;15:20;61,9047619;66,66666667;38,0952381;6;5;86
13134;A1;04.02.2022;15:25;61,9047619;66,66666667;38,0952381;6;5;86
13135;A1;04.02.2022;15:30;61,9047619;66,66666667;;6;5;87
13136;A1;04.02.2022;15:35;61,9047619;66,66666667;38,0952381;7;5;82
13137;A1;04.02.2022;15:40;66,66666667;70,47619048;44,76190476;9;8;98
13138;A1;04.02.2022;15:45;66,66666667;70,47619048;44,76190476;10;8;92
13139;A1;04.02.2022;15:50;66,66666667;70,47619048;44,76190476;10;8;98
13140;A1;04.02.2022;15:55;67,61904762;71,42857143;45,71428571;10;9;86
13141;A1;04.02.2022;16:00;47,61904762;61,9047619;28,57142857;3;2;99
13142;A1;04.02.2022;16:05;48,57142857;62,85714286;47,61904762;5;3;97
13143;A1;04.02.2022;16:10;47,61904762;61,9047619;28,57142857;3;2;85
13144;A1;04.02.2022;16:15;48,57142857;62,85714286;47,61904762;4;3;95
13145;A1;04.02.2022;16:20;;61,9047619;28,57142857;3;2;91
13146;A1;04.02.2022;16:25;48,57142857;62,85714286;47,61904762;4;3;81
13147;A1;04.02.2022;16:30;47,61904762;61,9047619;28,57142857;3;2;86
13148;A1;04.02.2022;16:35;48,57142857;62,85714286;47,61904762;4;3;82
13149;A1;04.02.2022;16:40;47,61904762;61,9047619;28,57142857;3;2;91
13150;A1;04.02.2022;16:45;48,57142857;62,85714286;47,61904762;5;3;93
13151;A1;04.02.2022;16:50;47,61904762;61,9047619;28,57142857;3;2;98
13152;A1;04.02.2022;16:55;48,57142857;62,85714286;47,61904762;4;3;89
13153;A1;04.02.2022;17:00;47,61904762;61,9047619;28,57142857;4;2;86
13154;A1;04.02.2022;17:05;48,57142857;62,85714286;47,61904762;5;3;84
13155;A1;04.02.2022;17:10;47,61904762;61,9047619;28,57142857;3;2;97
13156;A1;04.02.2022;17:15;48,57142857;62,85714286;47,61904762;5;3;84
13157;A1;04.02.2022;17:20;47,61904762;61,9047619;28,57142857;4;2;80
13158;A1;04.02.2022;17:25;48,57142857;62,85714286;47,61904762;5;3;98
13159;A1;04.02.2022;17:30;48,57142857;62,85714286;47,61904762;5;3;84
13160;A1;04.02.2022;17:35;61,9047619;66,66666667;;7;5;100
13161;A1;04.02.2022;17:40;61,9047619;68,57142857;38,0952381;8;6;100
13162;A1;04.02.2022;17:45;63,80952381;69,52380952;42,85714286;8;7;90
13163;A1;04.02.2022;17:50;66,66666667;70,47619048;44,76190476;9;8;83
13164;A1;04.02.2022;17:55;67,61904762;71,42857143;45,71428571;10;9;93
13165;A1;04.02.2022;18:00;71,42857143;73,33333333;47,61904762;12;10;98
13166;A1;04.02.2022;18:05;;;;2;;83
13167;A1;04.02.2022;18:10;;;;2;;81
13168;A1;04.02.2022;18:15;;;;2;;85
13169;A1;04.02.2022;18:20;9987;65654;4644;53;52;93
13170;A1;04.02.2022;18:25;;;;2;;97
13171;A1;04.02.2022;18:30;;;;1;;91
13172;A1;04.02.2022;18:35;;;;2;;87
13173;A1;04.02.2022;18:40;;;;1;;80
13174;A1;04.02.2022;18:45;67,61904762;71,42857143;45,71428571;11;9;82
13175;A1;04.02.2022;18:50;67,61904762;71,42857143;45,71428571;11;9;86
13176;A1;04.02.2022;18:55;71,42857143;73,33333333;47,61904762;11;10;90
13177;A1;04.02.2022;19:00;71,42857143;73,33333333;47,61904762;11;10;98
13178;A1;04.02.2022;19:05;61,9047619;66,66666667;38,0952381;7;5;93
13179;A1;04.02.2022;19:10;61,9047619;66,66666667;38,0952381;7;5;94
13180;A1;04.02.2022;19:15;;68,57142857;38,0952381;7;6;80
13181;A1;04.02.2022;19:20;61,9047619;68,57142857;38,0952381;7;6;87
13182;A1;04.02.2022;19:25;61,9047619;68,57142857;38,0952381;7;6;82
13183;A1;04.02.2022;19:30;61,9047619;68,57142857;38,0952381;7;6;88
13184;A1;04.02.2022;19:35;61,9047619;68,57142857;38,0952381;8;6;82
13185;A1;04.02.2022;19:40;61,9047619;68,57142857;38,0952381;8;6;100
13186;A1;04.02.2022;19:45;61,9047619;68,57142857;38,0952381;7;6;100
13187;A1;04.02.2022;19:50;61,9047619;68,57142857;38,0952381;7;6;89
13188;A1;04.02.2022;19:55;63,80952381;69,52380952;42,85714286;8;7;90
13189;A1;04.02.2022;20:00;63,80952381;;42,85714286;8;7;86
13190;A1;04.02.2022;20:05;63,80952381;69,52380952;42,85714286;8;7;83
13191;A1;04.02.2022;20:10;63,80952381;69,52380952;42,85714286;8;7;86
13192;A1;04.02.2022;20:15;66,66666667;70,47619048;44,76190476;9;8;94
13193;A1;04.02.2022;20:20;66,66666667;70,47619048;44,76190476;9;8;99
13194;A1;04.02.2022;20:25;66,66666667;70,47619048;44,76190476;9;8;80
13195;A1;04.02.2022;20:30;66,66666667;70,47619048;44,76190476;10;8;96
13196;A1;04.02.2022;20:35;67,61904762;71,42857143;45,71428571;11;9;90
13197;A1;04.02.2022;20:40;71,42857143;73,33333333;47,61904762;11;10;80
13198;A1;04.02.2022;20:45;;;;1;;95
13199;A1;04.02.2022;20:50;;;;1;;91
13200;A1;04.02.2022;20:55;;;;2;;94
13201;A1;04.02.2022;21:00;;;;1;;86
13202;A1;06.02.2022;06:00;44,9047619;58,37619048;26,94285714;4;2;82
13203;A1;06.02.2022;06:05;45,80285714;59,27428571;44,9047619;4;3;80
13204;A1;06.02.2022;06:10;53,88571429;71,84761905;31,43333333;13;11;80
13205;A1;06.02.2022;06:15;0;0;0;2;;83
13206;A1;06.02.2022;06:20;0;0;0;2;;84
13207;A1;06.02.2022;06:25;0;0;0;1;;89
13208;A1;06.02.2022;06:30;0;0;0;1;;85
13209;A1;06.02.2022;06:35;0;0;0;1;;92
13210;A1;06.02.2022;06:40;0;0;0;2;;98
13211;A1;06.02.2022;06:45;0;0;0;1;;93
13212;A1;06.02.2022;06:50;0;0;0;1;;94
13213;A1;06.02.2022;06:55;0;0;0;2;;80
13214;A1;06.02.2022;07:00;44,9047619;58,37619048;26,94285714;4;2;92
13215;A1;06.02.2022;07:05;45,80285714;59,27428571;44,9047619;5;3;84
13216;A1;06.02.2022;07:10;45,80285714;59,27428571;44,9047619;5;3;99
13217;A1;06.02.2022;07:15;58,37619048;62,86666667;35,92380952;7;5;89
13218;A1;06.02.2022;07:20;58,37619048;64,66285714;35,92380952;8;6;88
13219;A1;06.02.2022;07:25;60,17238095;65,56095238;40,41428571;8;7;90
13220;A1;06.02.2022;07:30;62,86666667;66,45904762;42,21047619;10;8;84
13221;A1;06.02.2022;07:35;63,7647619;67,35714286;43,10857143;10;9;82
13222;A1;06.02.2022;07:40;67,35714286;69,15333333;44,9047619;12;10;89
13223;A1;06.02.2022;07:45;0;0;0;1;;93
13224;A1;06.02.2022;07:50;0;0;0;1;;87
13225;A1;06.02.2022;07:55;0;0;0;2;;87
13226;A1;06.02.2022;08:00;0;0;0;1;;91
13227;A1;06.02.2022;08:05;0;0;0;2;;95
13228;A1;06.02.2022;08:10;0;0;0;1;;87
13229;A1;06.02.2022;08:15;0;0;0;1;;97
13230;A1;06.02.2022;08:20;0;0;0;1;;86
13231;A1;06.02.2022;08:25;0;0;0;1;;91
13232;A1;06.02.2022;08:30;47,59904762;61,07047619;46,70095238;5;4;89
13233;A1;06.02.2022;08:35;58,37619048;62,86666667;35,92380952;6;5;98
13234;A1;06.02.2022;08:40;58,37619048;62,86666667;35,92380952;7;5;87
13235;A1;06.02.2022;08:45;58,37619048;62,86666667;35,92380952;7;5;91
13236;A1;06.02.2022;08:50;58,37619048;62,86666667;35,92380952;6;5;87
13237;A1;06.02.2022;08:55;58,37619048;62,86666667;35,92380952;7;5;84
13238;A1;06.02.2022;09:00;58,37619048;64,66285714;35,92380952;7;6;86
13239;A1;06.02.2022;09:05;58,37619048;64,66285714;35,92380952;7;6;86
13240;A1;06.02.2022;09:10;58,37619048;64,66285714;35,92380952;7;6;82
13241;A1;06.02.2022;09:15;58,37619048;64,66285714;35,92380952;8;6;80
13242;A1;06.02.2022;09:20;58,37619048;64,66285714;35,92380952;7;6;98
13243;A1;06.02.2022;09:25;58,37619048;64,66285714;35,92380952;7;6;85
13244;A1;06.02.2022;09:30;58,37619048;64,66285714;35,92380952;8;6;99
13245;A1;06.02.2022;09:35;58,37619048;64,66285714;35,92380952;7;6;85
13246;A1;06.02.2022;09:40;60,17238095;65,56095238;40,41428571;9;7;84
13247;A1;06.02.2022;09:45;60,17238095;65,56095238;40,41428571;9;7;87
13248;A1;06.02.2022;09:50;60,17238095;65,56095238;40,41428571;8;7;82
13249;A1;06.02.2022;09:55;60,17238095;65,56095238;40,41428571;8;7;88
13250;A1;06.02.2022;10:00;0;0;0;2;;95
13251;A1;06.02.2022;10:05;0;0;0;2;;88
13252;A1;06.02.2022;10:10;0;0;0;1;;85
13253;A1;06.02.2022;10:15;0;0;0;1;;87
13254;A1;06.02.2022;10:20;63,7647619;67,35714286;43,10857143;10;9;94
13255;A1;06.02.2022;10:25;63,7647619;67,35714286;43,10857143;11;9;99
13256;A1;06.02.2022;10:30;67,35714286;69,15333333;44,9047619;12;10;99
13257;A1;06.02.2022;10:35;67,35714286;69,15333333;44,9047619;12;10;99
13258;A1;06.02.2022;10:40;58,37619048;62,86666667;35,92380952;6;5;93
13259;A1;06.02.2022;10:45;58,37619048;62,86666667;35,92380952;6;5;81
13260;A1;06.02.2022;10:50;58,37619048;64,66285714;35,92380952;7;6;94
13261;A1;06.02.2022;10:55;58,37619048;64,66285714;35,92380952;8;6;99
13262;A1;06.02.2022;11:00;58,37619048;64,66285714;35,92380952;8;6;93
13263;A1;06.02.2022;11:05;58,37619048;64,66285714;35,92380952;8;6;82
13264;A1;06.02.2022;11:10;58,37619048;64,66285714;35,92380952;7;6;97
13265;A1;06.02.2022;11:15;58,37619048;64,66285714;35,92380952;8;6;99
13266;A1;06.02.2022;11:20;58,37619048;64,66285714;35,92380952;7;6;85
13267;A1;06.02.2022;11:25;58,37619048;64,66285714;35,92380952;8;6;97
13268;A1;06.02.2022;11:30;60,17238095;65,56095238;40,41428571;9;7;98
13269;A1;06.02.2022;11:35;60,17238095;65,56095238;40,41428571;8;7;91
13270;A1;06.02.2022;11:40;60,17238095;65,56095238;40,41428571;8;7;85
13271;A1;06.02.2022;11:45;60,17238095;65,56095238;40,41428571;8;7;96
13272;A1;06.02.2022;11:50;62,86666667;66,45904762;42,21047619;9;8;100
13273;A1;06.02.2022;11:55;62,86666667;66,45904762;42,21047619;9;8;93
13274;A1;06.02.2022;12:00;62,86666667;66,45904762;42,21047619;9;8;100
13275;A1;06.02.2022;12:05;0;0;0;2;;86
13276;A1;06.02.2022;12:10;0;0;0;1;;83
13277;A1;06.02.2022;12:15;0;0;0;2;;80
13278;A1;06.02.2022;12:20;800120,412;5153923,122;8002735,552;667;665;100
13279;A1;06.02.2022;12:25;0;0;0;2;;92
13280;A1;06.02.2022;12:30;0;0;0;2;;98
13281;A1;06.02.2022;12:35;0;0;0;2;;84
13282;A1;06.02.2022;12:40;0;0;0;2;;99
13283;A1;06.02.2022;12:45;44,9047619;58,37619048;26,94285714;4;2;99
13284;A1;06.02.2022;12:50;45,80285714;59,27428571;44,9047619;5;3;90
13285;A1;06.02.2022;12:55;53,88571429;71,84761905;31,43333333;12;11;96
13286;A1;06.02.2022;13:00;0;0;0;1;;98
13287;A1;06.02.2022;13:05;0;0;0;1;;99
13288;A1;06.02.2022;13:10;0;0;0;2;;95
13289;A1;06.02.2022;13:15;0;0;0;1;;100
13290;A1;06.02.2022;13:20;0;0;0;2;;91
13291;A1;06.02.2022;13:25;0;0;0;1;;85
13292;A1;06.02.2022;13:30;0;0;0;2;;83
13293;A1;06.02.2022;13:35;0;0;0;2;;95
13294;A1;06.02.2022;13:40;0;0;0;2;;98
13295;A1;06.02.2022;13:45;44,9047619;58,37619048;26,94285714;3;2;100
13296;A1;06.02.2022;13:50;45,80285714;59,27428571;44,9047619;4;3;97
13297;A1;06.02.2022;13:55;45,80285714;59,27428571;44,9047619;4;3;80
13298;A1;06.02.2022;14:00;58,37619048;62,86666667;35,92380952;6;5;97
13299;A1;06.02.2022;14:05;58,37619048;64,66285714;35,92380952;8;6;93
13300;A1;06.02.2022;14:10;60,17238095;65,56095238;40,41428571;9;7;97
13301;A1;06.02.2022;14:15;62,86666667;66,45904762;42,21047619;9;8;92
13302;A1;06.02.2022;14:20;63,7647619;67,35714286;43,10857143;11;9;93
13303;A1;06.02.2022;14:25;67,35714286;69,15333333;44,9047619;11;10;90
13304;A1;06.02.2022;14:30;0;0;0;2;;91
13305;A1;06.02.2022;14:35;0;0;0;1;;95
13306;A1;06.02.2022;14:40;0;0;0;2;;88
13307;A1;06.02.2022;14:45;52315,754;515394,764;5143657,624;566466;566464;98
13308;A1;06.02.2022;14:50;0;0;0;2;;89
13309;A1;06.02.2022;14:55;0;0;0;1;;82
13310;A1;06.02.2022;15:00;0;0;0;2;;96
13311;A1;06.02.2022;15:05;0;0;0;2;;98
13312;A1;06.02.2022;15:10;0;0;0;1;;88
13313;A1;06.02.2022;15:15;47,59904762;61,07047619;46,70095238;6;4;92
13314;A1;06.02.2022;15:20;58,37619048;62,86666667;35,92380952;6;5;83
13315;A1;06.02.2022;15:25;58,37619048;62,86666667;35,92380952;7;5;83
13316;A1;06.02.2022;15:30;58,37619048;62,86666667;0;7;5;91
13317;A1;06.02.2022;15:35;58,37619048;62,86666667;35,92380952;7;5;100
13318;A1;06.02.2022;15:40;62,86666667;66,45904762;42,21047619;10;8;95
13319;A1;06.02.2022;15:45;62,86666667;66,45904762;42,21047619;10;8;88
13320;A1;06.02.2022;15:50;62,86666667;66,45904762;42,21047619;10;8;94
13321;A1;06.02.2022;15:55;63,7647619;67,35714286;43,10857143;11;9;93
13322;A1;06.02.2022;16:00;44,9047619;58,37619048;26,94285714;3;2;97
13323;A1;06.02.2022;16:05;45,80285714;59,27428571;44,9047619;5;3;92
13324;A1;06.02.2022;16:10;44,9047619;58,37619048;26,94285714;4;2;95
13325;A1;06.02.2022;16:15;45,80285714;59,27428571;44,9047619;4;3;88
13326;A1;06.02.2022;16:20;0;58,37619048;26,94285714;4;2;97
13327;A1;06.02.2022;16:25;45,80285714;59,27428571;44,9047619;4;3;90
13328;A1;06.02.2022;16:30;44,9047619;58,37619048;26,94285714;3;2;88
13329;A1;06.02.2022;16:35;45,80285714;59,27428571;44,9047619;4;3;88
13330;A1;06.02.2022;16:40;44,9047619;58,37619048;26,94285714;4;2;97
13331;A1;06.02.2022;16:45;45,80285714;59,27428571;44,9047619;4;3;92
13332;A1;06.02.2022;16:50;44,9047619;58,37619048;26,94285714;4;2;86
13333;A1;06.02.2022;16:55;45,80285714;59,27428571;44,9047619;4;3;80
13334;A1;06.02.2022;17:00;44,9047619;58,37619048;26,94285714;4;2;88
13335;A1;06.02.2022;17:05;45,80285714;59,27428571;44,9047619;4;3;90
13336;A1;06.02.2022;17:10;44,9047619;58,37619048;26,94285714;4;2;88
13337;A1;06.02.2022;17:15;45,80285714;59,27428571;44,9047619;5;3;84
13338;A1;06.02.2022;17:20;44,9047619;58,37619048;26,94285714;3;2;92
13339;A1;06.02.2022;17:25;45,80285714;59,27428571;44,9047619;5;3;89
13340;A1;06.02.2022;17:30;45,80285714;59,27428571;44,9047619;5;3;88
13341;A1;06.02.2022;17:35;58,37619048;62,86666667;0;6;5;92
13342;A1;06.02.2022;17:40;58,37619048;64,66285714;35,92380952;7;6;100
13343;A1;06.02.2022;17:45;60,17238095;65,56095238;40,41428571;8;7;85
13344;A1;06.02.2022;17:50;62,86666667;66,45904762;42,21047619;10;8;85
13345;A1;06.02.2022;17:55;63,7647619;67,35714286;43,10857143;10;9;87
13346;A1;06.02.2022;18:00;67,35714286;69,15333333;44,9047619;12;10;83
13347;A1;06.02.2022;18:05;0;0;0;1;;90
13348;A1;06.02.2022;18:10;0;0;0;2;;93
13349;A1;06.02.2022;18:15;0;0;0;2;;91
13350;A1;06.02.2022;18:20;9417,741;61911,722;4379,292;53;52;93
13351;A1;06.02.2022;18:25;0;0;0;2;;90
13352;A1;06.02.2022;18:30;0;0;0;2;;99
13353;A1;06.02.2022;18:35;0;0;0;1;;80
13354;A1;06.02.2022;18:40;0;0;0;1;;87
13355;A1;06.02.2022;18:45;63,7647619;67,35714286;43,10857143;11;9;81
13356;A1;06.02.2022;18:50;63,7647619;67,35714286;;1;;82
13357;A1;06.02.2022;18:55;67,35714286;69,15333333;44,9047619;12;10;81
13358;A1;06.02.2022;19:00;;69,15333333;44,9047619;11;10;98
13359;A1;06.02.2022;19:05;58,37619048;62,86666667;35,92380952;7;5;80
13360;A1;06.02.2022;19:10;58,37619048;62,86666667;35,92380952;7;5;86
13361;A1;06.02.2022;19:15;0;64,66285714;35,92380952;7;6;87
13362;A1;06.02.2022;19:20;58,37619048;64,66285714;35,92380952;8;6;81
13363;A1;06.02.2022;19:25;58,37619048;64,66285714;35,92380952;8;6;87
13364;A1;06.02.2022;19:30;58,37619048;64,66285714;35,92380952;8;6;86
13365;A1;06.02.2022;19:35;58,37619048;64,66285714;35,92380952;7;6;100
13366;A1;06.02.2022;19:40;58,37619048;64,66285714;35,92380952;8;6;94
13367;A1;06.02.2022;19:45;58,37619048;64,66285714;35,92380952;8;6;97
13368;A1;06.02.2022;19:50;58,37619048;64,66285714;35,92380952;7;6;87
13369;A1;06.02.2022;19:55;60,17238095;65,56095238;40,41428571;9;7;96
13370;A1;06.02.2022;20:00;60,17238095;0;40,41428571;1;;81
13371;A1;06.02.2022;20:05;60,17238095;65,56095238;40,41428571;8;7;85
13372;A1;06.02.2022;20:10;60,17238095;65,56095238;40,41428571;8;7;91
13373;A1;06.02.2022;20:15;62,86666667;66,45904762;42,21047619;10;8;96
13374;A1;06.02.2022;20:20;62,86666667;66,45904762;42,21047619;9;8;80
13375;A1;06.02.2022;20:25;62,86666667;66,45904762;42,21047619;10;8;88
13376;A1;06.02.2022;20:30;62,86666667;66,45904762;42,21047619;10;8;80
13377;A1;06.02.2022;20:35;63,7647619;67,35714286;43,10857143;10;9;92
13378;A1;06.02.2022;20:40;67,35714286;69,15333333;44,9047619;12;10;93
13379;A1;06.02.2022;20:45;0;0;0;2;;88
13380;A1;06.02.2022;20:50;0;0;0;1;;82
13381;A1;06.02.2022;20:55;0;0;0;2;;88
13382;A1;06.02.2022;21:00;0;0;0;2;;80
13383;A1;07.02.2022;06:00;67,61904762;71,42857143;45,71428571;10;9;81
13384;A1;07.02.2022;06:05;67,61904762;71,42857143;45,71428571;11;9;86
13385;A1;07.02.2022;06:10;71,42857143;73,33333333;47,61904762;12;10;80
13386;A1;07.02.2022;06:15;71,42857143;73,33333333;47,61904762;11;10;96
13387;A1;07.02.2022;06:20;;66,66666667;38,0952381;6;5;89
13388;A1;07.02.2022;06:25;61,9047619;66,66666667;38,0952381;7;5;87
13389;A1;07.02.2022;06:30;61,9047619;68,57142857;38,0952381;7;6;83
13390;A1;07.02.2022;06:35;61,9047619;68,57142857;38,0952381;8;6;92
13391;A1;07.02.2022;06:40;61,9047619;68,57142857;38,0952381;8;6;96
13392;A1;07.02.2022;06:45;61,9047619;68,57142857;38,0952381;8;6;95
13393;A1;07.02.2022;06:50;61,9047619;68,57142857;38,0952381;8;6;80
13394;A1;07.02.2022;06:55;61,9047619;68,57142857;38,0952381;7;6;82
13395;A1;07.02.2022;07:00;61,9047619;;38,0952381;7;6;86
13396;A1;07.02.2022;07:05;61,9047619;68,57142857;38,0952381;8;6;94
13397;A1;07.02.2022;07:10;63,80952381;69,52380952;42,85714286;8;7;93
13398;A1;07.02.2022;07:15;63,80952381;69,52380952;42,85714286;9;7;90
13399;A1;07.02.2022;07:20;63,80952381;69,52380952;42,85714286;8;7;93
13400;A1;07.02.2022;07:25;63,80952381;69,52380952;42,85714286;8;7;94
13401;A1;07.02.2022;07:30;66,66666667;70,47619048;44,76190476;10;8;86
13402;A1;07.02.2022;07:35;66,66666667;70,47619048;44,76190476;9;8;83
13403;A1;07.02.2022;07:40;66,66666667;70,47619048;44,76190476;9;8;95
13404;A1;07.02.2022;07:45;67,35714286;69,15333333;44,9047619;11;10;87
13405;A1;07.02.2022;07:50;67,35714286;69,15333333;44,9047619;12;10;80
13406;A1;07.02.2022;07:55;67,35714286;69,15333333;44,9047619;12;10;94
13407;A1;07.02.2022;08:00;67,35714286;69,15333333;44,9047619;11;10;92
13408;A1;07.02.2022;08:05;;;;1;;88
13409;A1;07.02.2022;08:10;;;;2;;80
13410;A1;07.02.2022;08:15;;;;1;;82
13411;A1;07.02.2022;08:20;;;;2;;88
13412;A1;07.02.2022;08:25;;;;1;;81
13413;A1;07.02.2022;08:30;;;;2;;96
13414;A1;07.02.2022;08:35;;;;2;;95
13415;A1;07.02.2022;08:40;;;;2;;100
13416;A1;07.02.2022;08:45;;;;2;;84
13417;A1;07.02.2022;08:50;;;;2;;84
13418;A1;07.02.2022;08:55;;;;2;;85
13419;A1;07.02.2022;09:00;;;;2;;90
13420;A1;07.02.2022;09:05;;;;1;;100
13421;A1;07.02.2022;09:10;;;;2;;81
13422;A1;07.02.2022;09:15;;;;2;;82
13423;A1;07.02.2022;09:20;;;;2;;93
13424;A1;07.02.2022;09:25;;;;2;;91
13425;A1;07.02.2022;09:30;;;;1;;88
13426;A1;07.02.2022;09:35;;;;2;;98
13427;A1;07.02.2022;09:40;;;;2;;98
13428;A1;07.02.2022;09:45;;;;2;;82
13429;A1;07.02.2022;09:50;;;;1;;93
13430;A1;07.02.2022;09:55;;;;2;;87
13431;A1;07.02.2022;10:00;;;;2;;80
13432;A1;07.02.2022;10:05;;;;1;;88
13433;A1;07.02.2022;10:10;;;;2;;91
13434;A1;07.02.2022;10:15;;;;1;;93
13435;A1;07.02.2022;10:20;;;;1;;84
13436;A1;07.02.2022;10:25;;;;1;;95
13437;A1;07.02.2022;10:30;;;;2;;95
13438;A1;07.02.2022;10:35;48,57142857;62,85714286;47,61904762;4;3;99
13439;A1;07.02.2022;10:40;47,61904762;61,9047619;28,57142857;3;2;91
13440;A1;07.02.2022;10:45;48,57142857;62,85714286;47,61904762;4;3;92
13441;A1;07.02.2022;10:50;47,61904762;61,9047619;28,57142857;4;2;90
13442;A1;07.02.2022;10:55;48,57142857;62,85714286;47,61904762;5;3;94
13443;A1;07.02.2022;11:00;47,61904762;61,9047619;28,57142857;3;2;97
13444;A1;07.02.2022;11:05;48,57142857;62,85714286;47,61904762;5;3;98
13445;A1;07.02.2022;11:10;47,61904762;61,9047619;28,57142857;4;2;83
13446;A1;07.02.2022;11:15;48,57142857;62,85714286;47,61904762;5;3;85
13447;A1;07.02.2022;11:20;48,57142857;62,85714286;47,61904762;4;3;87
13448;A1;07.02.2022;11:25;47,61904762;61,9047619;28,57142857;4;2;92
13449;A1;07.02.2022;11:30;48,57142857;62,85714286;47,61904762;4;3;95
13450;A1;07.02.2022;11:35;47,61904762;61,9047619;28,57142857;3;2;83
13451;A1;07.02.2022;11:40;48,57142857;62,85714286;47,61904762;5;3;86
13452;A1;07.02.2022;11:45;47,61904762;61,9047619;28,57142857;4;2;80
13453;A1;07.02.2022;11:50;48,57142857;62,85714286;47,61904762;4;3;82
13454;A1;07.02.2022;11:55;47,61904762;61,9047619;28,57142857;3;2;83
13455;A1;07.02.2022;12:00;48,57142857;62,85714286;47,61904762;4;3;96
13456;A1;07.02.2022;12:05;48,57142857;62,85714286;47,61904762;5;3;88
13457;A1;07.02.2022;12:10;47,61904762;61,9047619;28,57142857;3;2;93
13458;A1;07.02.2022;12:15;48,57142857;62,85714286;47,61904762;5;3;93
13459;A1;07.02.2022;12:20;47,61904762;61,9047619;28,57142857;4;2;80
13460;A1;07.02.2022;12:25;48,57142857;62,85714286;47,61904762;5;3;85
13461;A1;07.02.2022;12:30;47,61904762;61,9047619;28,57142857;3;2;90
13462;A1;07.02.2022;12:35;48,57142857;62,85714286;47,61904762;5;3;97
13463;A1;07.02.2022;12:40;47,61904762;61,9047619;28,57142857;4;2;99
13464;A1;07.02.2022;12:45;48,57142857;62,85714286;47,61904762;4;3;90
13465;A1;07.02.2022;12:50;48,57142857;62,85714286;47,61904762;4;3;86
13466;A1;07.02.2022;12:55;47,61904762;61,9047619;28,57142857;4;2;93
13467;A1;07.02.2022;13:00;48,57142857;62,85714286;47,61904762;5;3;95
13468;A1;07.02.2022;13:05;47,61904762;61,9047619;28,57142857;3;2;98
13469;A1;07.02.2022;13:10;48,57142857;62,85714286;47,61904762;4;3;82
13470;A1;07.02.2022;13:15;47,61904762;61,9047619;28,57142857;4;2;92
13471;A1;07.02.2022;13:20;48,57142857;62,85714286;47,61904762;5;3;83
13472;A1;07.02.2022;13:25;47,61904762;61,9047619;28,57142857;3;2;92
13473;A1;07.02.2022;13:30;48,57142857;62,85714286;47,61904762;4;3;81
13474;A1;07.02.2022;13:35;48,57142857;62,85714286;47,61904762;5;3;80
13475;A1;07.02.2022;13:40;47,61904762;61,9047619;28,57142857;3;2;100
13476;A1;07.02.2022;13:45;48,57142857;62,85714286;47,61904762;4;3;86
13477;A1;07.02.2022;13:50;47,61904762;61,9047619;28,57142857;3;2;98
13478;A1;07.02.2022;13:55;48,57142857;62,85714286;47,61904762;4;3;89
13479;A1;07.02.2022;14:00;48,57142857;62,85714286;47,61904762;5;3;86
13480;A1;07.02.2022;14:05;47,61904762;61,9047619;28,57142857;4;2;94
13481;A1;07.02.2022;14:10;48,57142857;62,85714286;47,61904762;4;3;86
13482;A1;07.02.2022;14:15;47,61904762;61,9047619;28,57142857;3;2;83
13483;A1;07.02.2022;14:20;48,57142857;62,85714286;47,61904762;5;3;92
13484;A1;07.02.2022;14:25;47,61904762;61,9047619;28,57142857;3;2;100
13485;A1;07.02.2022;14:30;48,57142857;62,85714286;47,61904762;5;3;86
13486;A1;07.02.2022;14:35;47,61904762;61,9047619;28,57142857;3;2;98
13487;A1;07.02.2022;14:40;48,57142857;62,85714286;47,61904762;4;3;82
13488;A1;07.02.2022;14:45;48,57142857;62,85714286;47,61904762;4;3;93
13489;A1;07.02.2022;14:50;47,61904762;61,9047619;28,57142857;3;2;90
13490;A1;07.02.2022;14:55;48,57142857;62,85714286;47,61904762;5;3;96
13491;A1;07.02.2022;15:00;47,61904762;61,9047619;28,57142857;3;2;92
13492;A1;07.02.2022;15:05;48,57142857;62,85714286;47,61904762;5;3;97
13493;A1;07.02.2022;15:10;47,61904762;61,9047619;28,57142857;4;2;90
13494;A1;07.02.2022;15:15;48,57142857;62,85714286;47,61904762;5;3;100
13495;A1;07.02.2022;15:20;47,61904762;61,9047619;28,57142857;4;2;92
13496;A1;07.02.2022;15:25;48,57142857;62,85714286;47,61904762;5;3;92
13497;A1;07.02.2022;15:30;48,57142857;62,85714286;47,61904762;4;3;95
13498;A1;07.02.2022;15:35;47,61904762;61,9047619;28,57142857;3;2;89
13499;A1;07.02.2022;15:40;48,57142857;62,85714286;47,61904762;4;3;80
13500;A1;07.02.2022;15:45;47,61904762;61,9047619;28,57142857;3;2;89
13501;A1;07.02.2022;15:50;48,57142857;62,85714286;47,61904762;4;3;80
13502;A1;07.02.2022;15:55;47,61904762;61,9047619;28,57142857;4;2;97
13503;A1;07.02.2022;16:00;48,57142857;62,85714286;47,61904762;4;3;100
13504;A1;07.02.2022;16:05;47,61904762;61,9047619;28,57142857;3;2;90
13505;A1;07.02.2022;16:10;48,57142857;62,85714286;47,61904762;5;3;91
13506;A1;07.02.2022;16:15;48,57142857;62,85714286;47,61904762;4;3;82
13507;A1;07.02.2022;16:20;47,61904762;61,9047619;28,57142857;3;2;91
13508;A1;07.02.2022;16:25;48,57142857;62,85714286;47,61904762;5;3;91
13509;A1;07.02.2022;16:30;47,61904762;61,9047619;28,57142857;3;2;88
13510;A1;07.02.2022;16:35;48,57142857;62,85714286;47,61904762;5;3;90
13511;A1;07.02.2022;16:40;47,61904762;61,9047619;28,57142857;3;2;99
13512;A1;07.02.2022;16:45;48,57142857;62,85714286;47,61904762;4;3;92
13513;A1;07.02.2022;16:50;47,61904762;61,9047619;28,57142857;4;2;91
13514;A1;07.02.2022;16:55;48,57142857;62,85714286;47,61904762;5;3;82
13515;A1;07.02.2022;17:00;48,57142857;62,85714286;47,61904762;5;3;81
13516;A1;07.02.2022;17:05;47,61904762;61,9047619;28,57142857;3;2;81
13517;A1;07.02.2022;17:10;48,57142857;62,85714286;47,61904762;5;3;96
13518;A1;07.02.2022;17:15;47,61904762;61,9047619;28,57142857;3;2;93
13519;A1;07.02.2022;17:20;48,57142857;62,85714286;47,61904762;4;3;88
13520;A1;07.02.2022;17:25;47,61904762;61,9047619;28,57142857;3;2;97
13521;A1;07.02.2022;17:30;48,57142857;62,85714286;47,61904762;5;3;95
13522;A1;07.02.2022;17:35;47,61904762;61,9047619;28,57142857;3;2;94
13523;A1;07.02.2022;17:40;48,57142857;62,85714286;47,61904762;5;3;98
13524;A1;07.02.2022;17:45;48,57142857;62,85714286;47,61904762;5;3;99
13525;A1;07.02.2022;17:50;47,61904762;61,9047619;28,57142857;3;2;96
13526;A1;07.02.2022;17:55;48,57142857;62,85714286;47,61904762;5;3;92
13527;A1;07.02.2022;18:00;47,61904762;61,9047619;28,57142857;3;2;95
13528;A1;07.02.2022;18:05;48,57142857;62,85714286;47,61904762;4;3;85
13529;A1;07.02.2022;18:10;47,61904762;61,9047619;28,57142857;3;2;82
13530;A1;07.02.2022;18:15;48,57142857;62,85714286;47,61904762;5;3;91
13531;A1;07.02.2022;18:20;47,61904762;61,9047619;28,57142857;3;2;99
13532;A1;07.02.2022;18:25;48,57142857;62,85714286;47,61904762;4;3;82
13533;A1;07.02.2022;18:30;48,57142857;62,85714286;47,61904762;4;3;88
13534;A1;07.02.2022;18:35;47,61904762;61,9047619;28,57142857;4;2;83
13535;A1;07.02.2022;18:40;48,57142857;62,85714286;47,61904762;4;3;84
13536;A1;07.02.2022;18:45;47,61904762;61,9047619;28,57142857;3;2;90
13537;A1;07.02.2022;18:50;48,57142857;62,85714286;47,61904762;5;3;80
13538;A1;07.02.2022;18:55;47,61904762;61,9047619;28,57142857;3;2;97
13539;A1;07.02.2022;19:00;48,57142857;62,85714286;47,61904762;4;3;93
13540;A1;07.02.2022;19:05;47,61904762;61,9047619;28,57142857;4;2;94
13541;A1;07.02.2022;19:10;48,57142857;62,85714286;47,61904762;4;3;96
13542;A1;07.02.2022;19:15;48,57142857;62,85714286;47,61904762;5;3;89
13543;A1;07.02.2022;19:20;47,61904762;61,9047619;28,57142857;4;2;89
13544;A1;07.02.2022;19:25;48,57142857;62,85714286;47,61904762;5;3;96
13545;A1;07.02.2022;19:30;47,61904762;61,9047619;28,57142857;3;2;84
13546;A1;07.02.2022;19:35;48,57142857;62,85714286;47,61904762;5;3;92
13547;A1;07.02.2022;19:40;47,61904762;61,9047619;28,57142857;3;2;91
13548;A1;07.02.2022;19:45;48,57142857;62,85714286;47,61904762;5;3;81
13549;A1;07.02.2022;19:50;47,61904762;61,9047619;28,57142857;3;2;82
13550;A1;07.02.2022;19:55;48,57142857;62,85714286;47,61904762;4;3;97
13551;A1;07.02.2022;20:00;48,57142857;62,85714286;47,61904762;5;3;85
13552;A1;07.02.2022;20:05;47,61904762;61,9047619;28,57142857;4;2;99
13553;A1;07.02.2022;20:10;48,57142857;62,85714286;47,61904762;5;3;95
13554;A1;07.02.2022;20:15;47,61904762;61,9047619;28,57142857;3;2;92
13555;A1;07.02.2022;20:20;48,57142857;62,85714286;47,61904762;4;3;94
13556;A1;07.02.2022;20:25;47,61904762;61,9047619;28,57142857;4;2;96
13557;A1;07.02.2022;20:30;48,57142857;62,85714286;47,61904762;4;3;80
13558;A1;07.02.2022;20:35;47,61904762;61,9047619;28,57142857;3;2;95
13559;A1;07.02.2022;20:40;48,57142857;62,85714286;47,61904762;5;3;87
13560;A1;07.02.2022;20:45;48,57142857;62,85714286;47,61904762;5;3;82
13561;A1;07.02.2022;20:50;47,61904762;61,9047619;28,57142857;4;2;100
13562;A1;07.02.2022;20:55;48,57142857;62,85714286;47,61904762;5;3;90
13563;A1;07.02.2022;21:00;47,61904762;61,9047619;28,57142857;3;2;91
12517;A1;44593;0,385416667;61,9047619;68,57142857;38,0952381;7;6;86
12518;A1;44593;0,388888889;61,9047619;68,57142857;38,0952381;7;6;90
12519;A1;44593;0,392361111;61,9047619;68,57142857;38,0952381;7;6;91
12520;A1;44593;0,395833333;61,9047619;68,57142857;38,0952381;8;6;83
12521;A1;44593;0,399305556;61,9047619;68,57142857;38,0952381;7;6;86
12522;A1;44593;0,402777778;63,80952381;69,52380952;42,85714286;8;7;85
12523;A1;44593;0,40625;63,80952381;69,52380952;42,85714286;8;7;83
12524;A1;44593;0,409722222;63,80952381;69,52380952;42,85714286;9;7;83
12525;A1;44593;0,413194444;63,80952381;69,52380952;42,85714286;9;7;83
