MesswertID;SystemID;Datum;Zeit;CPU;RAM;HD;Network;ServiceOK;LogLevel;LogMessage;ServiceState
12478;A1;01.02.2022;06:00;50;50;20;30;1;Info;;34
12479;A1;01.02.2022;06:05;60;60;20;30;1;Info;;24
12480;A1;01.02.2022;06:10;60;60;20;30;0;Error;Could not connect to database;99
12481;A1;01.02.2022;06:15;20;25;25;35;1;Info;;7
12482;A1;01.02.2022;06:20;35;30;25;30;1;Info;;97
12483;A1;01.02.2022;06:25;20;25;25;35;1;Info;;4
12484;A1;01.02.2022;06:30;35;30;25;30;1;Info;;67
12485;A1;01.02.2022;06:35;50;50;20;30;1;Info;;85
12486;A1;01.02.2022;06:40;60;60;20;30;1;Info;;73
12487;A1;01.02.2022;06:45;80;85;20;30;1;Warning;Data connection very slow;73
12488;A1;01.02.2022;06:50;99;99;20;30;0;Error;Interface not reachable;46
12489;A1;01.02.2022;06:55;99;99;20;30;0;Error;Interface not reachable;20
12490;A1;01.02.2022;07:00;99;99;20;30;0;Error;Interface not reachable;85
12491;A1;01.02.2022;07:05;50;50;20;30;1;Info;;72
12492;A1;01.02.2022;07:10;60;60;20;30;1;Info;;74
12493;A1;01.02.2022;07:15;60;60;20;30;0;Error;Could not connect to database;36
12494;A1;01.02.2022;07:20;20;25;25;35;1;Info;;50
12495;A1;01.02.2022;07:25;35;30;25;30;1;Info;;46
12496;A1;01.02.2022;07:30;20;25;25;35;1;Info;;58
12497;A1;01.02.2022;07:35;35;30;25;30;1;Info;;4
12498;A1;01.02.2022;07:40;50;50;20;30;1;Info;;86
12499;A1;01.02.2022;07:45;60;60;20;30;1;Info;;55
12500;A1;01.02.2022;07:50;80;85;20;30;1;Warning;Data connection very slow;51
12501;A1;01.02.2022;07:55;99;99;20;30;0;Error;Interface not reachable;80
12502;A1;01.02.2022;08:00;99;99;20;30;0;Error;Interface not reachable;96
12503;A1;01.02.2022;08:05;99;99;20;30;0;Error;Interface not reachable;95
12504;A1;01.02.2022;08:10;60;60;20;30;0;Error;Could not connect to database;21
12505;A1;01.02.2022;08:15;20;25;25;35;1;Warning;DHCP error -could not get IP;38
12506;A1;01.02.2022;08:20;35;30;25;30;0;Error;Not reachable server endpoint;4
12507;A1;01.02.2022;08:25;20;25;25;35;1;Info;;19
12508;A1;01.02.2022;08:30;35;30;25;30;1;Info;;92
12509;A1;01.02.2022;08:35;20;25;25;35;1;Info;;88
12510;A1;01.02.2022;08:40;35;30;25;30;1;Info;;16
12511;A1;01.02.2022;08:45;50;50;20;30;1;Info;;97
12512;A1;01.02.2022;08:50;60;60;20;30;1;Info;;14
12513;A1;01.02.2022;08:55;50;50;20;30;1;Info;;32
12514;A1;01.02.2022;09:00;60;60;20;30;1;Info;;17
12515;A1;01.02.2022;09:05;60;60;20;30;0;Error;Could not connect to database;83
12516;A1;01.02.2022;09:10;20;25;25;35;1;Info;;93
12517;A1;01.02.2022;09:15;35;30;25;30;1;Info;;9
12518;A1;01.02.2022;09:20;20;25;25;35;1;Info;;39
12519;A1;01.02.2022;09:25;35;30;25;30;1;Info;;26
12520;A1;01.02.2022;09:30;50;50;20;30;1;Info;;24
12521;A1;01.02.2022;09:35;60;60;20;30;1;Info;;45
12522;A1;01.02.2022;09:40;80;85;20;30;1;Warning;Data connection very slow;65
12523;A1;01.02.2022;09:45;99;99;20;30;0;Error;Interface not reachable;30
12524;A1;01.02.2022;09:50;99;99;20;30;0;Error;Interface not reachable;35
12525;A1;01.02.2022;09:55;99;99;20;30;0;Error;Interface not reachable;48
12526;A1;01.02.2022;10:00;50;50;20;30;1;Info;;62
12527;A1;01.02.2022;10:05;60;60;20;30;1;Info;;100
12528;A1;01.02.2022;10:10;60;60;20;30;0;Error;Could not connect to database;72
12529;A1;01.02.2022;10:15;20;25;25;35;1;Info;;49
12530;A1;01.02.2022;10:20;35;30;25;30;1;Info;;71
12531;A1;01.02.2022;10:25;20;25;25;35;1;Info;;67
12532;A1;01.02.2022;10:30;35;30;25;30;1;Info;;3
12533;A1;01.02.2022;10:35;50;50;20;30;1;Info;;2
12534;A1;01.02.2022;10:40;60;60;20;30;1;Info;;12
12535;A1;01.02.2022;10:45;80;85;20;30;1;Warning;Data connection very slow;70
12536;A1;01.02.2022;10:50;99;99;20;30;0;Error;Interface not reachable;87
12537;A1;01.02.2022;10:55;99;99;20;30;0;Error;Interface not reachable;32
12538;A1;01.02.2022;11:00;99;99;20;30;0;Error;Interface not reachable;8
12539;A1;01.02.2022;11:05;60;60;20;30;0;Error;Could not connect to database;72
12540;A1;01.02.2022;11:10;20;25;25;35;1;Warning;DHCP error -could not get IP;14
12541;A1;01.02.2022;11:15;35;30;25;30;0;Error;Not reachable server endpoint;27
12542;A1;01.02.2022;11:20;20;25;25;35;1;Info;;44
12543;A1;01.02.2022;11:25;35;30;25;30;1;Info;;76
12544;A1;01.02.2022;11:30;20;25;25;35;1;Info;;45
12545;A1;01.02.2022;11:35;35;30;25;30;1;Info;;2
12546;A1;01.02.2022;11:40;50;50;20;30;1;Info;;8
12547;A1;01.02.2022;11:45;60;60;20;30;1;Info;;57
12548;A1;01.02.2022;11:50;50;50;20;30;1;Info;;5
12549;A1;01.02.2022;11:55;60;60;20;30;1;Info;;63
12550;A1;01.02.2022;12:00;60;60;20;30;0;Error;Could not connect to database;67
12551;A1;01.02.2022;12:05;20;25;25;35;1;Info;;34
12552;A1;01.02.2022;12:10;35;30;25;30;1;Info;;5
12553;A1;01.02.2022;12:15;20;25;25;35;1;Info;;80
12554;A1;01.02.2022;12:20;35;30;25;30;1;Info;;70
12555;A1;01.02.2022;12:25;50;50;20;30;1;Info;;56
12556;A1;01.02.2022;12:30;60;60;20;30;1;Info;;77
12557;A1;01.02.2022;12:35;80;85;20;30;1;Warning;Data connection very slow;44
12558;A1;01.02.2022;12:40;99;99;20;30;0;Error;Interface not reachable;50
12559;A1;01.02.2022;12:45;99;99;20;30;0;Error;Interface not reachable;2
12560;A1;01.02.2022;12:50;99;99;20;30;0;Error;Interface not reachable;90
12561;A1;01.02.2022;12:55;50;50;20;30;1;Info;;22
12562;A1;01.02.2022;13:00;60;60;20;30;1;Info;;94
12563;A1;01.02.2022;13:05;60;60;20;30;0;Error;Could not connect to database;47
12564;A1;01.02.2022;13:10;20;25;25;35;1;Info;;78
12565;A1;01.02.2022;13:15;35;30;25;30;1;Info;;12
12566;A1;01.02.2022;13:20;20;25;25;35;1;Info;;78
12567;A1;01.02.2022;13:25;35;30;25;30;1;Info;;33
12568;A1;01.02.2022;13:30;50;50;20;30;1;Info;;9
12569;A1;01.02.2022;13:35;60;60;20;30;1;Info;;38
12570;A1;01.02.2022;13:40;80;85;20;30;1;Warning;Data connection very slow;52
12571;A1;01.02.2022;13:45;99;99;20;30;0;Error;Interface not reachable;72
12572;A1;01.02.2022;13:50;99;99;20;30;0;Error;Interface not reachable;49
12573;A1;01.02.2022;13:55;99;99;20;30;0;Error;Interface not reachable;69
12574;A1;01.02.2022;14:00;60;60;20;30;0;Error;Could not connect to database;21
12575;A1;01.02.2022;14:05;20;25;25;35;1;Warning;DHCP error -could not get IP;86
12576;A1;01.02.2022;14:10;35;30;25;30;0;Error;Not reachable server endpoint;9
12577;A1;01.02.2022;14:15;20;25;25;35;1;Info;;34
12578;A1;01.02.2022;14:20;35;30;25;30;1;Info;;85
12579;A1;01.02.2022;14:25;20;25;25;35;1;Info;;55
12580;A1;01.02.2022;14:30;35;30;25;30;1;Info;;60
12581;A1;01.02.2022;14:35;50;50;20;30;1;Info;;73
12582;A1;01.02.2022;14:40;60;60;20;30;1;Info;;74
12583;A1;01.02.2022;14:45;50;50;20;30;1;Info;;81
12584;A1;01.02.2022;14:50;60;60;20;30;1;Info;;64
12585;A1;01.02.2022;14:55;60;60;20;30;0;Error;Could not connect to database;36
12586;A1;01.02.2022;15:00;20;25;25;35;1;Info;;53
12587;A1;01.02.2022;15:05;35;30;25;30;1;Info;;73
12588;A1;01.02.2022;15:10;20;25;25;35;1;Info;;18
12589;A1;01.02.2022;15:15;35;30;25;30;1;Info;;74
12590;A1;01.02.2022;15:20;50;50;20;30;1;Info;;77
12591;A1;01.02.2022;15:25;60;60;20;30;1;Info;;70
12592;A1;01.02.2022;15:30;80;85;20;30;1;Warning;Data connection very slow;76
12593;A1;01.02.2022;15:35;99;99;20;30;0;Error;Interface not reachable;15
12594;A1;01.02.2022;15:40;99;99;20;30;0;Error;Interface not reachable;93
12595;A1;01.02.2022;15:45;99;99;20;30;0;Error;Interface not reachable;21
12596;A1;01.02.2022;15:50;50;50;20;30;1;Info;;9
12597;A1;01.02.2022;15:55;60;60;20;30;1;Info;;22
12598;A1;01.02.2022;16:00;60;60;20;30;0;Error;Could not connect to database;48
12599;A1;01.02.2022;16:05;20;25;25;35;1;Info;;97
12600;A1;01.02.2022;16:10;35;30;25;30;1;Info;;84
12601;A1;01.02.2022;16:15;20;25;25;35;1;Info;;54
12602;A1;01.02.2022;16:20;35;30;25;30;1;Info;;45
12603;A1;01.02.2022;16:25;50;50;20;30;1;Info;;48
12604;A1;01.02.2022;16:30;60;60;20;30;1;Info;;68
12605;A1;01.02.2022;16:35;20;25;25;35;1;Info;;86
12606;A1;01.02.2022;16:40;35;30;25;30;1;Info;;52
12607;A1;01.02.2022;16:45;20;25;25;35;1;Info;;32
12608;A1;01.02.2022;16:50;35;30;25;30;1;Info;;65
12609;A1;01.02.2022;16:55;50;50;20;30;1;Info;;18
12610;A1;01.02.2022;17:00;60;60;20;30;1;Info;;27
12611;A1;01.02.2022;17:05;20;25;25;35;1;Info;;17
12612;A1;01.02.2022;17:10;35;30;25;30;1;Info;;56
12613;A1;01.02.2022;17:15;20;25;25;35;1;Info;;61
12614;A1;01.02.2022;17:20;35;30;25;30;1;Info;;38
12615;A1;01.02.2022;17:25;50;50;20;30;1;Info;;70
12616;A1;01.02.2022;17:30;60;60;20;30;1;Info;;59
12617;A1;01.02.2022;17:35;60;60;20;30;1;Info;;52
12618;A1;01.02.2022;17:40;20;25;25;35;1;Info;;61
12619;A1;01.02.2022;17:45;35;30;25;30;1;Info;;44
12620;A1;01.02.2022;17:50;20;25;25;35;1;Info;;19
12621;A1;01.02.2022;17:55;35;30;25;30;1;Info;;73
12622;A1;01.02.2022;18:00;50;50;20;30;1;Info;;95
12623;A1;01.02.2022;18:05;60;60;20;30;1;Info;;68
12624;A1;01.02.2022;18:10;20;25;25;35;1;Info;;42
12625;A1;01.02.2022;18:15;35;30;25;30;1;Info;;27
12626;A1;01.02.2022;18:20;20;25;25;35;1;Info;;96
12627;A1;01.02.2022;18:25;35;30;25;30;1;Info;;53
12628;A1;01.02.2022;18:30;50;50;20;30;1;Info;;64
12629;A1;01.02.2022;18:35;60;60;20;30;1;Info;;46
12630;A1;01.02.2022;18:40;80;85;20;30;1;Warning;Data connection very slow;70
12631;A1;01.02.2022;18:45;99;99;20;30;0;Error;Interface not reachable;19
12632;A1;01.02.2022;18:50;99;99;20;30;0;Error;Interface not reachable;38
12633;A1;01.02.2022;18:55;99;99;20;30;0;Error;Interface not reachable;54
12634;A1;01.02.2022;19:00;60;60;20;30;0;Error;Could not connect to database;45
12635;A1;01.02.2022;19:05;20;25;25;35;1;Warning;DHCP error -could not get IP;63
12636;A1;01.02.2022;19:10;35;30;25;30;0;Error;Not reachable server endpoint;72
12637;A1;01.02.2022;19:15;20;25;25;35;1;Info;;94
12638;A1;01.02.2022;19:20;35;30;25;30;1;Info;;17
12639;A1;01.02.2022;19:25;50;50;20;30;1;Info;;30
12640;A1;01.02.2022;19:30;60;60;20;30;1;Info;;7
12641;A1;01.02.2022;19:35;20;25;25;35;1;Info;;4
12642;A1;01.02.2022;19:40;35;30;25;30;1;Info;;47
12643;A1;01.02.2022;19:45;20;25;25;35;1;Info;;43
12644;A1;01.02.2022;19:50;35;30;25;30;1;Info;;28
12645;A1;01.02.2022;19:55;50;50;20;30;1;Info;;52
12646;A1;01.02.2022;20:00;60;60;20;30;1;Info;;79
12647;A1;01.02.2022;20:05;20;25;25;35;1;Info;;31
12648;A1;01.02.2022;20:10;35;30;25;30;1;Info;;42
12649;A1;01.02.2022;20:15;20;25;25;35;1;Info;;91
12650;A1;01.02.2022;20:20;35;30;25;30;1;Info;;48
12651;A1;01.02.2022;20:25;50;50;20;30;1;Info;;64
12652;A1;01.02.2022;20:30;60;60;20;30;1;Info;;23
12653;A1;01.02.2022;20:35;60;60;20;30;1;Info;;10
12654;A1;01.02.2022;20:40;20;25;25;35;1;Info;;83
12655;A1;01.02.2022;20:45;35;30;25;30;1;Info;;58
12656;A1;01.02.2022;20:50;20;25;25;35;1;Info;;93
12657;A1;01.02.2022;20:55;35;30;25;30;1;Info;;93
12659;A1;02.02.2022;06:00;60;60;20;30;1;Info;;20
12660;A1;02.02.2022;06:05;20;25;25;35;1;Info;;31
12661;A1;02.02.2022;06:10;35;30;25;30;1;Info;;91
12662;A1;02.02.2022;06:15;20;25;25;35;1;Info;;21
12663;A1;02.02.2022;06:20;35;30;25;30;1;Info;;91
12664;A1;02.02.2022;06:25;50;50;20;30;1;Info;;35
12665;A1;02.02.2022;06:30;60;60;20;30;1;Info;;41
12666;A1;02.02.2022;06:35;80;85;20;30;1;Warning;;77
12667;A1;02.02.2022;06:40;99;99;20;30;0;Error;;9
12668;A1;02.02.2022;06:45;99;99;20;30;0;Error;;92
12669;A1;02.02.2022;06:50;99;99;20;30;0;Error;;88
12670;A1;02.02.2022;06:55;60;60;20;30;0;Error;;60
12671;A1;02.02.2022;07:00;20;25;25;35;1;Warning;;68
12672;A1;02.02.2022;07:05;35;30;25;30;0;Error;;94
12673;A1;02.02.2022;07:10;50;50;20;30;1;Info;;91
12674;A1;02.02.2022;07:15;60;60;20;30;1;Info;;57
12675;A1;02.02.2022;07:20;60;60;20;30;0;Error;Could not connect to database;100
12676;A1;02.02.2022;07:25;20;25;25;35;1;Info;;46
12677;A1;02.02.2022;07:30;35;30;25;30;1;Info;;32
12678;A1;02.02.2022;07:35;20;25;25;35;1;Info;;3
12679;A1;02.02.2022;07:40;35;30;25;30;1;Info;;60
12680;A1;02.02.2022;07:45;50;50;20;30;1;Info;;81
12681;A1;02.02.2022;07:50;60;60;20;30;1;Info;;16
12682;A1;02.02.2022;07:55;80;85;20;30;1;Warning;Data connection very slow;53
12683;A1;02.02.2022;08:00;99;99;20;30;0;Error;Interface not reachable;33
12684;A1;02.02.2022;08:05;99;99;20;30;0;Error;Interface not reachable;26
12685;A1;02.02.2022;08:10;99;99;20;30;0;Error;Interface not reachable;73
12686;A1;02.02.2022;08:15;50;50;20;30;1;Info;;28
12687;A1;02.02.2022;08:20;60;60;20;30;1;Info;;32
12688;A1;02.02.2022;08:25;60;60;20;30;0;Error;Could not connect to database;24
12689;A1;02.02.2022;08:30;20;25;25;35;1;Info;;6
12690;A1;02.02.2022;08:35;35;30;25;30;1;Info;;75
12691;A1;02.02.2022;08:40;20;25;25;35;1;Info;;33
12692;A1;02.02.2022;08:45;35;30;25;30;1;Info;;83
12693;A1;02.02.2022;08:50;50;50;20;30;1;Info;;5
12694;A1;02.02.2022;08:55;60;60;20;30;1;Info;;69
12695;A1;02.02.2022;09:00;80;85;20;30;1;Warning;Data connection very slow;33
12696;A1;02.02.2022;09:05;99;99;20;30;0;Error;Interface not reachable;7
12697;A1;02.02.2022;09:10;99;99;20;30;0;Error;Interface not reachable;75
12698;A1;02.02.2022;09:15;99;99;20;30;0;Error;Interface not reachable;91
12699;A1;02.02.2022;09:20;60;60;20;30;0;Error;Could not connect to database;97
12700;A1;02.02.2022;09:25;20;25;25;35;1;Warning;DHCP error -could not get IP;16
12701;A1;02.02.2022;09:30;35;30;25;30;0;Error;Not reachable server endpoint;44
12702;A1;02.02.2022;09:35;20;25;25;35;1;Info;;64
12703;A1;02.02.2022;09:40;35;30;25;30;1;Info;;1
12704;A1;02.02.2022;09:45;20;25;25;35;1;Info;;23
12705;A1;02.02.2022;09:50;35;30;25;30;1;Info;;45
12706;A1;02.02.2022;09:55;50;50;20;30;1;Info;;56
12707;A1;02.02.2022;10:00;60;60;20;30;1;Info;;6
12708;A1;02.02.2022;10:05;50;50;20;30;1;Info;;66
12709;A1;02.02.2022;10:10;60;60;20;30;1;Info;;68
12710;A1;02.02.2022;10:15;60;60;20;30;0;Error;Could not connect to database;58
12711;A1;02.02.2022;10:20;20;25;25;35;1;Info;;18
12712;A1;02.02.2022;10:25;35;30;25;30;1;Info;;60
12713;A1;02.02.2022;10:30;20;25;25;35;1;Info;;1
12714;A1;02.02.2022;10:35;35;30;25;30;1;Info;;100
12715;A1;02.02.2022;10:40;50;50;20;30;1;Info;;92
12716;A1;02.02.2022;10:45;60;60;20;30;1;Info;;44
12717;A1;02.02.2022;10:50;50;50;20;30;1;Info;;92
12718;A1;02.02.2022;10:55;60;60;20;30;1;Info;;7
12719;A1;02.02.2022;11:00;60;60;20;30;0;Error;Could not connect to database;75
12720;A1;02.02.2022;11:05;20;25;25;35;1;Info;;58
12721;A1;02.02.2022;11:10;35;30;25;30;1;Info;;59
12722;A1;02.02.2022;11:15;20;25;25;35;1;Info;;96
12723;A1;02.02.2022;11:20;35;30;25;30;1;Info;;97
12724;A1;02.02.2022;11:25;50;50;20;30;1;Info;;10
12725;A1;02.02.2022;11:30;60;60;20;30;1;Info;;98
12726;A1;02.02.2022;11:35;80;85;20;30;1;Warning;Data connection very slow;35
12727;A1;02.02.2022;11:40;99;99;20;30;0;Error;Interface not reachable;34
12728;A1;02.02.2022;11:45;99;99;20;30;0;Error;Interface not reachable;27
12729;A1;02.02.2022;11:50;99;99;20;30;0;Error;Interface not reachable;99
12730;A1;02.02.2022;11:55;50;50;20;30;1;Info;;77
12731;A1;02.02.2022;12:00;60;60;20;30;1;Info;;13
12732;A1;02.02.2022;12:05;60;60;20;30;0;Error;Could not connect to database;41
12733;A1;02.02.2022;12:10;20;25;25;35;1;Info;;71
12734;A1;02.02.2022;12:15;35;30;25;30;1;Info;;10
12735;A1;02.02.2022;12:20;20;25;25;35;1;Info;;53
12736;A1;02.02.2022;12:25;35;30;25;30;1;Info;;93
12737;A1;02.02.2022;12:30;50;50;20;30;1;Info;;30
12738;A1;02.02.2022;12:35;60;60;20;30;1;Info;;40
12739;A1;02.02.2022;12:40;80;85;20;30;1;Warning;Data connection very slow;29
12740;A1;02.02.2022;12:45;99;99;20;30;0;Error;Interface not reachable;86
12741;A1;02.02.2022;12:50;99;99;20;30;0;Error;Interface not reachable;85
12742;A1;02.02.2022;12:55;99;99;20;30;0;Error;Interface not reachable;84
12743;A1;02.02.2022;13:00;60;60;20;30;0;Error;Could not connect to database;31
12744;A1;02.02.2022;13:05;20;25;25;35;1;Warning;DHCP error -could not get IP;100
12745;A1;02.02.2022;13:10;35;30;25;30;0;Error;Not reachable server endpoint;41
12746;A1;02.02.2022;13:15;20;25;25;35;1;Info;;72
12747;A1;02.02.2022;13:20;35;30;25;30;1;Info;;32
12748;A1;02.02.2022;13:25;20;25;25;35;1;Info;;28
12749;A1;02.02.2022;13:30;35;30;25;30;1;Info;;28
12750;A1;02.02.2022;13:35;50;50;20;30;1;Info;;77
12751;A1;02.02.2022;13:40;60;60;20;30;1;Info;;83
12752;A1;02.02.2022;13:45;50;50;20;30;1;Info;;44
12753;A1;02.02.2022;13:50;60;60;20;30;1;Info;;90
12754;A1;02.02.2022;13:55;60;60;20;30;0;Error;Could not connect to database;59
12755;A1;02.02.2022;14:00;20;25;25;35;1;Info;;80
12756;A1;02.02.2022;14:05;35;30;25;30;1;Info;;79
12757;A1;02.02.2022;14:10;20;25;25;35;1;Info;;52
12758;A1;02.02.2022;14:15;35;30;25;30;1;Info;;21
12759;A1;02.02.2022;14:20;50;50;20;30;1;Info;;5
12760;A1;02.02.2022;14:25;60;60;20;30;1;Info;;32
12761;A1;02.02.2022;14:30;20;25;25;35;1;Info;;51
12762;A1;02.02.2022;14:35;35;30;25;30;1;Info;;93
12763;A1;02.02.2022;14:40;20;25;25;35;1;Info;;4
12764;A1;02.02.2022;14:45;35;30;25;30;1;Info;;6
12765;A1;02.02.2022;14:50;50;50;20;30;1;Info;;91
12766;A1;02.02.2022;14:55;60;60;20;30;1;Info;;28
12767;A1;02.02.2022;15:00;50;50;20;30;1;Info;;54
12768;A1;02.02.2022;15:05;60;60;20;30;1;Info;;34
12769;A1;02.02.2022;15:10;80;85;20;30;1;Warning;Data connection very slow;89
12770;A1;02.02.2022;15:15;99;99;20;30;0;Error;Interface not reachable;1
12771;A1;02.02.2022;15:20;99;99;20;30;0;Error;Interface not reachable;92
12772;A1;02.02.2022;15:25;99;99;20;30;0;Error;Interface not reachable;87
12773;A1;02.02.2022;15:30;50;50;20;30;1;Info;;59
12774;A1;02.02.2022;15:35;60;60;20;30;1;Info;;99
12775;A1;02.02.2022;15:40;50;50;20;30;1;Info;;67
12776;A1;02.02.2022;15:45;60;60;20;30;1;Info;;95
12777;A1;02.02.2022;15:50;80;85;20;30;1;Warning;Data connection very slow;25
12778;A1;02.02.2022;15:55;99;99;20;30;0;Error;Interface not reachable;1
12779;A1;02.02.2022;16:00;99;99;20;30;0;Error;Interface not reachable;71
12780;A1;02.02.2022;16:05;99;99;20;30;0;Error;Interface not reachable;75
12781;A1;02.02.2022;16:10;50;50;20;30;1;Info;;96
12782;A1;02.02.2022;16:15;60;60;20;30;1;Info;;87
12783;A1;02.02.2022;16:20;50;50;20;30;1;Info;;9
12784;A1;02.02.2022;16:25;60;60;20;30;1;Info;;24
12785;A1;02.02.2022;16:30;60;60;20;30;0;Error;;81
12786;A1;02.02.2022;16:35;20;25;25;35;1;Info;;1
12787;A1;02.02.2022;16:40;35;30;25;30;1;Info;;89
12788;A1;02.02.2022;16:45;20;25;25;35;1;Info;;9
12789;A1;02.02.2022;16:50;35;30;25;30;1;Info;;29
12790;A1;02.02.2022;16:55;50;50;20;30;1;Info;;82
12791;A1;02.02.2022;17:00;60;60;20;30;1;Info;;92
12792;A1;02.02.2022;17:05;20;25;25;35;1;Info;;100
12793;A1;02.02.2022;17:10;35;30;25;30;1;Info;;51
12794;A1;02.02.2022;17:15;20;25;25;35;1;Info;;23
12795;A1;02.02.2022;17:20;35;30;25;30;1;Info;;82
12796;A1;02.02.2022;17:25;50;50;20;30;1;Info;;30
12797;A1;02.02.2022;17:30;60;60;20;30;1;Info;;71
12798;A1;02.02.2022;17:35;50;50;20;30;1;Info;;48
12799;A1;02.02.2022;17:40;60;60;20;30;1;Info;;59
12800;A1;02.02.2022;17:45;60;60;20;30;0;Error;;39
12801;A1;02.02.2022;17:50;20;25;25;35;1;Info;;61
12802;A1;02.02.2022;17:55;35;30;25;30;1;Info;;63
12803;A1;02.02.2022;18:00;20;25;25;35;1;Info;;70
12804;A1;02.02.2022;18:05;35;30;25;30;1;Info;;7
12805;A1;02.02.2022;18:10;50;50;20;30;1;Info;;99
12806;A1;02.02.2022;18:15;60;60;20;30;1;Info;;16
12807;A1;02.02.2022;18:20;20;25;25;35;1;Info;;80
12808;A1;02.02.2022;18:25;35;30;25;30;1;Info;;20
12809;A1;02.02.2022;18:30;20;25;25;35;1;Info;;90
12810;A1;02.02.2022;18:35;35;30;25;30;1;Info;;6
12811;A1;02.02.2022;18:40;50;50;20;30;1;Info;;3
12812;A1;02.02.2022;18:45;60;60;20;30;1;Info;;23
12813;A1;02.02.2022;18:50;50;50;20;30;1;Info;;2
12814;A1;02.02.2022;18:55;60;60;20;30;1;Info;;46
12815;A1;02.02.2022;19:00;20;25;25;35;1;Info;;79
12816;A1;02.02.2022;19:05;35;30;25;30;1;Info;;14
12817;A1;02.02.2022;19:10;50;50;20;30;1;Info;;45
12818;A1;02.02.2022;19:15;60;60;20;30;1;Info;;44
12819;A1;02.02.2022;19:20;20;25;25;35;1;Info;;9
12820;A1;02.02.2022;19:25;35;30;25;30;1;Info;;15
12821;A1;02.02.2022;19:30;20;25;25;35;1;Info;;13
12822;A1;02.02.2022;19:35;35;30;25;30;1;Info;;91
12823;A1;02.02.2022;19:40;50;50;20;30;1;Info;;1
12824;A1;02.02.2022;19:45;60;60;20;30;1;Info;;19
12825;A1;02.02.2022;19:50;60;60;20;30;1;Info;;91
12826;A1;02.02.2022;19:55;20;25;25;35;1;Info;;72
12827;A1;02.02.2022;20:00;35;30;25;30;1;Info;;92
12828;A1;02.02.2022;20:05;20;25;25;35;1;Info;;89
12829;A1;02.02.2022;20:10;35;30;25;30;1;Info;;38
12830;A1;02.02.2022;20:15;60;60;20;30;1;Info;;42
12831;A1;02.02.2022;20:20;20;25;25;35;1;Info;;76
12832;A1;02.02.2022;20:25;35;30;25;30;1;Info;;4
12833;A1;02.02.2022;20:30;20;25;25;35;1;Info;;34
12834;A1;02.02.2022;20:35;35;30;25;30;1;Info;;31
12835;A1;02.02.2022;20:40;50;50;20;30;1;Info;;62
12836;A1;02.02.2022;20:45;60;60;20;30;1;Info;;70
12837;A1;02.02.2022;20:50;80;85;20;30;1;Warning;;73
12838;A1;02.02.2022;20:55;99;99;20;30;0;Error;;7
12839;A1;02.02.2022;21:00;99;99;20;30;0;Error;;77
12840;A1;03.02.2022;06:00;99;99;20;30;0;Error;;48
12841;A1;03.02.2022;06:05;60;60;20;30;0;Error;;8
12842;A1;03.02.2022;06:10;20;25;25;35;1;Warning;;88
12843;A1;03.02.2022;06:15;35;30;25;30;0;Error;;100
12844;A1;03.02.2022;06:20;50;50;20;30;1;Info;;5
12845;A1;03.02.2022;06:25;60;60;20;30;1;Info;;31
12846;A1;03.02.2022;06:30;60;60;20;30;0;Error;Could not connect to database;60
12847;A1;03.02.2022;06:35;20;25;25;35;1;Info;;65
12848;A1;03.02.2022;06:40;35;30;25;30;1;Info;;77
12849;A1;03.02.2022;06:45;20;25;25;35;1;Info;;42
12850;A1;03.02.2022;06:50;35;30;25;30;1;Info;;66
12851;A1;03.02.2022;06:55;50;50;20;30;1;Info;;42
12852;A1;03.02.2022;07:00;60;60;20;30;1;Info;;63
12853;A1;03.02.2022;07:05;80;85;20;30;1;Warning;Data connection very slow;43
12854;A1;03.02.2022;07:10;99;99;20;30;0;Error;Interface not reachable;97
12855;A1;03.02.2022;07:15;99;99;20;30;0;Error;Interface not reachable;55
12856;A1;03.02.2022;07:20;99;99;20;30;0;Error;Interface not reachable;79
12857;A1;03.02.2022;07:25;50;50;20;30;1;Info;;64
12858;A1;03.02.2022;07:30;60;60;20;30;1;Info;;35
12859;A1;03.02.2022;07:35;60;60;20;30;0;Error;Could not connect to database;16
12860;A1;03.02.2022;07:40;20;25;25;35;1;Info;;55
12861;A1;03.02.2022;07:45;35;30;25;30;1;Info;;85
12862;A1;03.02.2022;07:50;20;25;25;35;1;Info;;11
12863;A1;03.02.2022;07:55;35;30;25;30;1;Info;;17
12864;A1;03.02.2022;08:00;50;50;20;30;1;Info;;65
12865;A1;03.02.2022;08:05;60;60;20;30;1;Info;;15
12866;A1;03.02.2022;08:10;80;85;20;30;1;Warning;Data connection very slow;76
12867;A1;03.02.2022;08:15;99;99;20;30;0;Error;Interface not reachable;18
12868;A1;03.02.2022;08:20;99;99;20;30;0;Error;Interface not reachable;93
12869;A1;03.02.2022;08:25;99;99;20;30;0;Error;Interface not reachable;9
12870;A1;03.02.2022;08:30;60;60;20;30;0;Error;Could not connect to database;73
12871;A1;03.02.2022;08:35;20;25;25;35;1;Warning;DHCP error -could not get IP;86
12872;A1;03.02.2022;08:40;35;30;25;30;0;Error;Not reachable server endpoint;75
12873;A1;03.02.2022;08:45;20;25;25;35;1;Info;;19
12874;A1;03.02.2022;08:50;35;30;25;30;1;Info;;35
12875;A1;03.02.2022;08:55;20;25;25;35;1;Info;;8
12876;A1;03.02.2022;09:00;35;30;25;30;1;Info;;11
12877;A1;03.02.2022;09:05;50;50;20;30;1;Info;;32
12878;A1;03.02.2022;09:10;60;60;20;30;1;Info;;64
12879;A1;03.02.2022;09:15;50;50;20;30;1;Info;;84
12880;A1;03.02.2022;09:20;60;60;20;30;1;Info;;94
12881;A1;03.02.2022;09:25;60;60;20;30;0;Error;Could not connect to database;95
12882;A1;03.02.2022;09:30;20;25;25;35;1;Info;;41
12883;A1;03.02.2022;09:35;35;30;25;30;1;Info;;49
12884;A1;03.02.2022;09:40;20;25;25;35;1;Info;;20
12885;A1;03.02.2022;09:45;35;30;25;30;1;Info;;13
12886;A1;03.02.2022;09:50;50;50;20;30;1;Info;;23
12887;A1;03.02.2022;09:55;60;60;20;30;1;Info;;73
12888;A1;03.02.2022;10:00;50;50;20;30;1;Info;;97
12889;A1;03.02.2022;10:05;60;60;20;30;1;Info;;97
12890;A1;03.02.2022;10:10;60;60;20;30;0;Error;Could not connect to database;67
12891;A1;03.02.2022;10:15;20;25;25;35;1;Info;;96
12892;A1;03.02.2022;10:20;35;30;25;30;1;Info;;98
12893;A1;03.02.2022;10:25;20;25;25;35;1;Info;;83
12894;A1;03.02.2022;10:30;35;30;25;30;1;Info;;60
12895;A1;03.02.2022;10:35;50;50;20;30;1;Info;;66
12896;A1;03.02.2022;10:40;60;60;20;30;1;Info;;57
12897;A1;03.02.2022;10:45;80;85;20;30;1;Warning;Data connection very slow;57
12898;A1;03.02.2022;10:50;99;99;20;30;0;Error;Interface not reachable;8
12899;A1;03.02.2022;10:55;99;99;20;30;0;Error;Interface not reachable;82
12900;A1;03.02.2022;11:00;99;99;20;30;0;Error;Interface not reachable;28
12901;A1;03.02.2022;11:05;50;50;20;30;1;Info;;61
12902;A1;03.02.2022;11:10;60;60;20;30;1;Info;;6
12903;A1;03.02.2022;11:15;60;60;20;30;0;Error;Could not connect to database;50
12904;A1;03.02.2022;11:20;20;25;25;35;1;Info;;66
12905;A1;03.02.2022;11:25;35;30;25;30;1;Info;;100
12906;A1;03.02.2022;11:30;20;25;25;35;1;Info;;79
12907;A1;03.02.2022;11:35;35;30;25;30;1;Info;;23
12908;A1;03.02.2022;11:40;50;50;20;30;1;Info;;73
12909;A1;03.02.2022;11:45;60;60;20;30;1;Info;;15
12910;A1;03.02.2022;11:50;80;85;20;30;1;Warning;Data connection very slow;69
12911;A1;03.02.2022;11:55;99;99;20;30;0;Error;Interface not reachable;33
12912;A1;03.02.2022;12:00;99;99;20;30;0;Error;Interface not reachable;69
12913;A1;03.02.2022;12:05;99;99;20;30;0;Error;Interface not reachable;19
12914;A1;03.02.2022;12:10;60;60;20;30;0;Error;Could not connect to database;55
12915;A1;03.02.2022;12:15;20;25;25;35;1;Warning;DHCP error -could not get IP;51
12916;A1;03.02.2022;12:20;35;30;25;30;0;Error;Not reachable server endpoint;40
12917;A1;03.02.2022;12:25;50;50;20;30;1;Info;;27
12918;A1;03.02.2022;12:30;60;60;20;30;1;Info;;34
12919;A1;03.02.2022;12:35;60;60;20;30;0;Error;Could not connect to database;47
12920;A1;03.02.2022;12:40;20;25;25;35;1;Info;;60
12921;A1;03.02.2022;12:45;35;30;25;30;1;Info;;75
12922;A1;03.02.2022;12:50;20;25;25;35;1;Info;;93
12923;A1;03.02.2022;12:55;35;30;25;30;1;Info;;30
12924;A1;03.02.2022;13:00;50;50;20;30;1;Info;;1
12925;A1;03.02.2022;13:05;60;60;20;30;1;Info;;2
12926;A1;03.02.2022;13:10;80;85;20;30;1;Warning;Data connection very slow;24
12927;A1;03.02.2022;13:15;99;99;20;30;0;Error;Interface not reachable;60
12928;A1;03.02.2022;13:20;99;99;20;30;0;Error;Interface not reachable;86
12929;A1;03.02.2022;13:25;99;99;20;30;0;Error;Interface not reachable;5
12930;A1;03.02.2022;13:30;50;50;20;30;1;Info;;100
12931;A1;03.02.2022;13:35;60;60;20;30;1;Info;;30
12932;A1;03.02.2022;13:40;60;60;20;30;0;Error;Could not connect to database;30
12933;A1;03.02.2022;13:45;20;25;25;35;1;Info;;52
12934;A1;03.02.2022;13:50;35;30;25;30;1;Info;;14
12935;A1;03.02.2022;13:55;20;25;25;35;1;Info;;4
12936;A1;03.02.2022;14:00;35;30;25;30;1;Info;;65
12937;A1;03.02.2022;14:05;50;50;20;30;1;Info;;40
12938;A1;03.02.2022;14:10;60;60;20;30;1;Info;;4
12939;A1;03.02.2022;14:15;80;85;20;30;1;Warning;Data connection very slow;95
12940;A1;03.02.2022;14:20;99;99;20;30;0;Error;Interface not reachable;38
12941;A1;03.02.2022;14:25;99;99;20;30;0;Error;Interface not reachable;29
12942;A1;03.02.2022;14:30;99;99;20;30;0;Error;Interface not reachable;13
12943;A1;03.02.2022;14:35;60;60;20;30;0;Error;Could not connect to database;1
12944;A1;03.02.2022;14:40;20;25;25;35;1;Warning;DHCP error -could not get IP;71
12945;A1;03.02.2022;14:45;35;30;25;30;0;Error;Not reachable server endpoint;21
12946;A1;03.02.2022;14:50;20;25;25;35;1;Info;;18
12947;A1;03.02.2022;14:55;35;30;25;30;1;Info;;43
12948;A1;03.02.2022;15:00;20;25;25;35;1;Info;;10
12949;A1;03.02.2022;15:05;35;30;25;30;1;Info;;65
12950;A1;03.02.2022;15:10;50;50;20;30;1;Info;;46
12951;A1;03.02.2022;15:15;60;60;20;30;1;Info;;89
12952;A1;03.02.2022;15:20;50;50;20;30;1;Info;;72
12953;A1;03.02.2022;15:25;60;60;20;30;1;Info;;100
12954;A1;03.02.2022;15:30;60;60;20;30;0;Error;Could not connect to database;77
12955;A1;03.02.2022;15:35;20;25;25;35;1;Info;;58
12956;A1;03.02.2022;15:40;35;30;25;30;1;Info;;27
12957;A1;03.02.2022;15:45;20;25;25;35;1;Info;;37
12958;A1;03.02.2022;15:50;35;30;25;30;1;Info;;59
12959;A1;03.02.2022;15:55;50;50;20;30;1;Info;;79
12960;A1;03.02.2022;16:00;60;60;20;30;1;Info;;62
12961;A1;03.02.2022;16:05;80;85;20;30;1;Warning;Data connection very slow;66
12962;A1;03.02.2022;16:10;99;99;20;30;0;Error;Interface not reachable;83
12963;A1;03.02.2022;16:15;99;99;20;30;0;Error;Interface not reachable;98
12964;A1;03.02.2022;16:20;99;99;20;30;0;Error;Interface not reachable;91
12965;A1;03.02.2022;16:25;50;50;20;30;1;Info;;75
12966;A1;03.02.2022;16:30;60;60;20;30;1;Info;;9
12967;A1;03.02.2022;16:35;60;60;20;30;0;Error;Could not connect to database;60
12968;A1;03.02.2022;16:40;20;25;25;35;1;Info;;4
12969;A1;03.02.2022;16:45;35;30;25;30;1;Info;;13
12970;A1;03.02.2022;16:50;20;25;25;35;1;Info;;100
12971;A1;03.02.2022;16:55;35;30;25;30;1;Info;;27
12972;A1;03.02.2022;17:00;50;50;20;30;1;Info;;80
12973;A1;03.02.2022;17:05;60;60;20;30;1;Info;;74
12974;A1;03.02.2022;17:10;80;85;20;30;1;Warning;Data connection very slow;92
12975;A1;03.02.2022;17:15;99;99;20;30;0;Error;Interface not reachable;33
12976;A1;03.02.2022;17:20;99;99;20;30;0;Error;Interface not reachable;79
12977;A1;03.02.2022;17:25;99;99;20;30;0;Error;Interface not reachable;76
12978;A1;03.02.2022;17:30;60;60;20;30;0;Error;Could not connect to database;42
12979;A1;03.02.2022;17:35;20;25;25;35;1;Warning;DHCP error -could not get IP;1
12980;A1;03.02.2022;17:40;35;30;25;30;0;Error;Not reachable server endpoint;25
12981;A1;03.02.2022;17:45;20;25;25;35;1;Info;;88
12982;A1;03.02.2022;17:50;35;30;25;30;1;Info;;22
12983;A1;03.02.2022;17:55;20;25;25;35;1;Info;;3
12984;A1;03.02.2022;18:00;35;30;25;30;1;Info;;12
12985;A1;03.02.2022;18:05;50;50;20;30;1;Info;;43
12986;A1;03.02.2022;18:10;60;60;20;30;1;Info;;88
12987;A1;03.02.2022;18:15;50;50;20;30;1;Info;;26
12988;A1;03.02.2022;18:20;60;60;20;30;1;Info;;68
12989;A1;03.02.2022;18:25;60;60;20;30;0;Error;Could not connect to database;53
12990;A1;03.02.2022;18:30;20;25;25;35;1;Info;;95
12991;A1;03.02.2022;18:35;35;30;25;30;1;Info;;6
12992;A1;03.02.2022;18:40;20;25;25;35;1;Info;;57
12993;A1;03.02.2022;18:45;35;30;25;30;1;Info;;61
12994;A1;03.02.2022;18:50;50;50;20;30;1;Info;;42
12995;A1;03.02.2022;18:55;60;60;20;30;1;Info;;21
12996;A1;03.02.2022;19:00;80;85;20;30;1;Warning;Data connection very slow;27
12997;A1;03.02.2022;19:05;99;99;20;30;0;Error;Interface not reachable;22
12998;A1;03.02.2022;19:10;99;99;20;30;0;Error;Interface not reachable;79
12999;A1;03.02.2022;19:15;99;99;20;30;0;Error;Interface not reachable;89
13000;A1;03.02.2022;19:20;50;50;20;30;1;Info;;58
13001;A1;03.02.2022;19:25;60;60;20;30;1;Info;;82
13002;A1;03.02.2022;19:30;60;60;20;30;0;Error;Could not connect to database;7
13003;A1;03.02.2022;19:35;20;25;25;35;1;Info;;40
13004;A1;03.02.2022;19:40;35;30;25;30;1;Info;;2
13005;A1;03.02.2022;19:45;20;25;25;35;1;Info;;89
13006;A1;03.02.2022;19:50;35;30;25;30;1;Info;;77
13007;A1;03.02.2022;19:55;50;50;20;30;1;Info;;33
13008;A1;03.02.2022;20:00;60;60;20;30;1;Info;;8
13009;A1;03.02.2022;20:05;80;85;20;30;1;Warning;Data connection very slow;70
13010;A1;03.02.2022;20:10;99;99;20;30;0;Error;Interface not reachable;13
13011;A1;03.02.2022;20:15;99;99;20;30;0;Error;Interface not reachable;23
13012;A1;03.02.2022;20:20;99;99;20;30;0;Error;Interface not reachable;47
13013;A1;03.02.2022;20:25;60;60;20;30;0;Error;Could not connect to database;26
13014;A1;03.02.2022;20:30;20;25;25;35;1;Warning;DHCP error -could not get IP;72
13015;A1;03.02.2022;20:35;35;30;25;30;0;Error;Not reachable server endpoint;28
13016;A1;03.02.2022;20:40;20;25;25;35;1;Info;;88
13017;A1;03.02.2022;20:45;35;30;25;30;1;Info;;32
13018;A1;03.02.2022;20:50;20;25;25;35;1;Info;;41
13019;A1;03.02.2022;20:55;35;30;25;30;1;Info;;57
13020;A1;03.02.2022;21:00;50;50;20;30;1;Info;;38
13021;A1;04.02.2022;06:00;60;60;20;30;1;Info;;29
13022;A1;04.02.2022;06:05;50;50;20;30;1;Info;;24
13023;A1;04.02.2022;06:10;60;60;20;30;1;Info;;39
13024;A1;04.02.2022;06:15;60;60;20;30;0;Error;Could not connect to database;15
13025;A1;04.02.2022;06:20;20;25;25;35;1;Info;;43
13026;A1;04.02.2022;06:25;35;30;25;30;1;Info;;1
13027;A1;04.02.2022;06:30;20;25;25;35;1;Info;;18
13028;A1;04.02.2022;06:35;35;30;25;30;1;Info;;69
13029;A1;04.02.2022;06:40;50;50;20;30;1;Info;;41
13030;A1;04.02.2022;06:45;60;60;20;30;1;Info;;24
13031;A1;04.02.2022;06:50;80;85;20;30;1;Warning;Data connection very slow;39
13032;A1;04.02.2022;06:55;99;99;20;30;0;Error;Interface not reachable;56
13033;A1;04.02.2022;07:00;99;99;20;30;0;Error;Interface not reachable;80
13034;A1;04.02.2022;07:05;99;99;20;30;0;Error;Interface not reachable;93
13035;A1;04.02.2022;07:10;50;50;20;30;1;Info;;67
13036;A1;04.02.2022;07:15;60;60;20;30;1;Info;;9
13037;A1;04.02.2022;07:20;60;60;20;30;0;Error;Could not connect to database;46
13038;A1;04.02.2022;07:25;20;25;25;35;1;Info;;38
13039;A1;04.02.2022;07:30;35;30;25;30;1;Info;;38
13040;A1;04.02.2022;07:35;20;25;25;35;1;Info;;2
13041;A1;04.02.2022;07:40;35;30;25;30;1;Info;;61
13042;A1;04.02.2022;07:45;50;50;20;30;1;Info;;84
13043;A1;04.02.2022;07:50;60;60;20;30;1;Info;;4
13044;A1;04.02.2022;07:55;20;25;25;35;1;Info;;97
13045;A1;04.02.2022;08:00;35;30;25;30;1;Info;;79
13046;A1;04.02.2022;08:05;20;25;25;35;1;Info;;13
13047;A1;04.02.2022;08:10;35;30;25;30;1;Info;;34
13048;A1;04.02.2022;08:15;50;50;20;30;1;Info;;12
13049;A1;04.02.2022;08:20;60;60;20;30;1;Info;;21
13050;A1;04.02.2022;08:25;20;25;25;35;1;Info;;19
13051;A1;04.02.2022;08:30;35;30;25;30;1;Info;;95
13052;A1;04.02.2022;08:35;20;25;25;35;1;Info;;68
13053;A1;04.02.2022;08:40;35;30;25;30;1;Info;;96
13054;A1;04.02.2022;08:45;50;50;20;30;1;Info;;63
13055;A1;04.02.2022;08:50;60;60;20;30;1;Info;;11
13056;A1;04.02.2022;08:55;60;60;20;30;1;Info;;74
13057;A1;04.02.2022;09:00;20;25;25;35;1;Info;;2
13058;A1;04.02.2022;09:05;35;30;25;30;1;Info;;4
13059;A1;04.02.2022;09:10;20;25;25;35;1;Info;;39
13060;A1;04.02.2022;09:15;35;30;25;30;1;Info;;97
13061;A1;04.02.2022;09:20;50;50;20;30;1;Info;;31
13062;A1;04.02.2022;09:25;60;60;20;30;1;Info;;37
13063;A1;04.02.2022;09:30;20;25;25;35;1;Info;;31
13064;A1;04.02.2022;09:35;35;30;25;30;1;Info;;97
13065;A1;04.02.2022;09:40;20;25;25;35;1;Info;;97
13066;A1;04.02.2022;09:45;35;30;25;30;1;Info;;69
13067;A1;04.02.2022;09:50;50;50;20;30;1;Info;;87
13068;A1;04.02.2022;09:55;60;60;20;30;1;Info;;38
13069;A1;04.02.2022;10:00;80;85;20;30;1;Warning;Data connection very slow;94
13070;A1;04.02.2022;10:05;99;99;20;30;0;Error;Interface not reachable;13
13071;A1;04.02.2022;10:10;99;99;20;30;0;Error;Interface not reachable;6
13072;A1;04.02.2022;10:15;99;99;20;30;0;Error;Interface not reachable;2
13073;A1;04.02.2022;10:20;60;60;20;30;0;Error;Could not connect to database;61
13074;A1;04.02.2022;10:25;20;25;25;35;1;Warning;DHCP error -could not get IP;4
13075;A1;04.02.2022;10:30;35;30;25;30;0;Error;Not reachable server endpoint;92
13076;A1;04.02.2022;10:35;20;25;25;35;1;Info;;92
13077;A1;04.02.2022;10:40;35;30;25;30;1;Info;;7
13078;A1;04.02.2022;10:45;50;50;20;30;1;Info;;49
13079;A1;04.02.2022;10:50;60;60;20;30;1;Info;;96
13080;A1;04.02.2022;10:55;20;25;25;35;1;Info;;88
13081;A1;04.02.2022;11:00;35;30;25;30;1;Info;;45
13082;A1;04.02.2022;11:05;20;25;25;35;1;Info;;56
13083;A1;04.02.2022;11:10;35;30;25;30;1;Info;;60
13084;A1;04.02.2022;11:15;50;50;20;30;1;Info;;70
13085;A1;04.02.2022;11:20;60;60;20;30;1;Info;;90
13086;A1;04.02.2022;11:25;20;25;25;35;1;Info;;100
13087;A1;04.02.2022;11:30;35;30;25;30;1;Info;;4
13088;A1;04.02.2022;11:35;20;25;25;35;1;Info;;52
13089;A1;04.02.2022;11:40;35;30;25;30;1;Info;;45
13090;A1;04.02.2022;11:45;50;50;20;30;1;Info;;40
13091;A1;04.02.2022;11:50;60;60;20;30;1;Info;;36
13092;A1;04.02.2022;11:55;60;60;20;30;1;Info;;70
13093;A1;04.02.2022;12:00;20;25;25;35;1;Info;;22
13094;A1;04.02.2022;12:05;35;30;25;30;1;Info;;7
13095;A1;04.02.2022;12:10;20;25;25;35;1;Info;;55
13096;A1;04.02.2022;12:15;35;30;25;30;1;Info;;18
13097;A1;04.02.2022;12:20;60;60;20;30;1;Info;;73
13098;A1;04.02.2022;12:25;20;25;25;35;1;Info;;50
13099;A1;04.02.2022;12:30;35;30;25;30;1;Info;;49
13100;A1;04.02.2022;12:35;20;25;25;35;1;Info;;3
13101;A1;04.02.2022;12:40;35;30;25;30;1;Info;;60
13102;A1;04.02.2022;12:45;50;50;20;30;1;Info;;19
13103;A1;04.02.2022;12:50;60;60;20;30;1;Info;;11
13104;A1;04.02.2022;12:55;80;85;20;30;1;Warning;;56
13105;A1;04.02.2022;13:00;99;99;20;30;0;Error;;55
13106;A1;04.02.2022;13:05;99;99;20;30;0;Error;;62
13107;A1;04.02.2022;13:10;99;99;20;30;0;Error;;35
13108;A1;04.02.2022;13:15;60;60;20;30;0;Error;;7
13109;A1;04.02.2022;13:20;20;25;25;35;1;Warning;;85
13110;A1;04.02.2022;13:25;35;30;25;30;0;Error;;91
13111;A1;04.02.2022;13:30;50;50;20;30;1;Info;;1
13112;A1;04.02.2022;13:35;60;60;20;30;1;Info;;52
13113;A1;04.02.2022;13:40;60;60;20;30;0;Error;Could not connect to database;35
13114;A1;04.02.2022;13:45;20;25;25;35;1;Info;;88
13115;A1;04.02.2022;13:50;35;30;25;30;1;Info;;82
13116;A1;04.02.2022;13:55;20;25;25;35;1;Info;;29
13117;A1;04.02.2022;14:00;35;30;25;30;1;Info;;16
13118;A1;04.02.2022;14:05;50;50;20;30;1;Info;;47
13119;A1;04.02.2022;14:10;60;60;20;30;1;Info;;66
13120;A1;04.02.2022;14:15;80;85;20;30;1;Warning;Data connection very slow;97
13121;A1;04.02.2022;14:20;99;99;20;30;0;Error;Interface not reachable;87
13122;A1;04.02.2022;14:25;99;99;20;30;0;Error;Interface not reachable;45
13123;A1;04.02.2022;14:30;99;99;20;30;0;Error;Interface not reachable;79
13124;A1;04.02.2022;14:35;50;50;20;30;1;Info;;8
13125;A1;04.02.2022;14:40;60;60;20;30;1;Info;;79
13126;A1;04.02.2022;14:45;60;60;20;30;0;Error;Could not connect to database;34
13127;A1;04.02.2022;14:50;20;25;25;35;1;Info;;90
13128;A1;04.02.2022;14:55;35;30;25;30;1;Info;;57
13129;A1;04.02.2022;15:00;20;25;25;35;1;Info;;41
13130;A1;04.02.2022;15:05;35;30;25;30;1;Info;;52
13131;A1;04.02.2022;15:10;50;50;20;30;1;Info;;50
13132;A1;04.02.2022;15:15;60;60;20;30;1;Info;;97
13133;A1;04.02.2022;15:20;80;85;20;30;1;Warning;Data connection very slow;66
13134;A1;04.02.2022;15:25;99;99;20;30;0;Error;Interface not reachable;23
13135;A1;04.02.2022;15:30;99;99;20;30;0;Error;Interface not reachable;18
13136;A1;04.02.2022;15:35;99;99;20;30;0;Error;Interface not reachable;15
13137;A1;04.02.2022;15:40;60;60;20;30;0;Error;Could not connect to database;48
13138;A1;04.02.2022;15:45;20;25;25;35;1;Warning;DHCP error -could not get IP;98
13139;A1;04.02.2022;15:50;35;30;25;30;0;Error;Not reachable server endpoint;26
13140;A1;04.02.2022;15:55;20;25;25;35;1;Info;;35
13141;A1;04.02.2022;16:00;35;30;25;30;1;Info;;100
13142;A1;04.02.2022;16:05;20;25;25;35;1;Info;;50
13143;A1;04.02.2022;16:10;35;30;25;30;1;Info;;18
13144;A1;04.02.2022;16:15;50;50;20;30;1;Info;;43
13145;A1;04.02.2022;16:20;60;60;20;30;1;Info;;69
13146;A1;04.02.2022;16:25;50;50;20;30;1;Info;;16
13147;A1;04.02.2022;16:30;60;60;20;30;1;Info;;95
13148;A1;04.02.2022;16:35;60;60;20;30;0;Error;Could not connect to database;1
13149;A1;04.02.2022;16:40;20;25;25;35;1;Info;;52
13150;A1;04.02.2022;16:45;35;30;25;30;1;Info;;9
13151;A1;04.02.2022;16:50;20;25;25;35;1;Info;;83
13152;A1;04.02.2022;16:55;35;30;25;30;1;Info;;37
13153;A1;04.02.2022;17:00;50;50;20;30;1;Info;;51
13154;A1;04.02.2022;17:05;60;60;20;30;1;Info;;5
13155;A1;04.02.2022;17:10;50;50;20;30;1;Info;;11
13156;A1;04.02.2022;17:15;60;60;20;30;1;Info;;37
13157;A1;04.02.2022;17:20;60;60;20;30;0;Error;Could not connect to database;41
13158;A1;04.02.2022;17:25;20;25;25;35;1;Info;;38
13159;A1;04.02.2022;17:30;35;30;25;30;1;Info;;57
13160;A1;04.02.2022;17:35;20;25;25;35;1;Info;;4
13161;A1;04.02.2022;17:40;35;30;25;30;1;Info;;9
13162;A1;04.02.2022;17:45;50;50;20;30;1;Info;;47
13163;A1;04.02.2022;17:50;60;60;20;30;1;Info;;45
13164;A1;04.02.2022;17:55;80;85;20;30;1;Warning;Data connection very slow;83
13165;A1;04.02.2022;18:00;99;99;20;30;0;Error;Interface not reachable;95
13166;A1;04.02.2022;18:05;99;99;20;30;0;Error;Interface not reachable;8
13167;A1;04.02.2022;18:10;99;99;20;30;0;Error;Interface not reachable;78
13168;A1;04.02.2022;18:15;50;50;20;30;1;Info;;54
13169;A1;04.02.2022;18:20;60;60;20;30;1;Info;;66
13170;A1;04.02.2022;18:25;60;60;20;30;0;Error;Could not connect to database;70
13171;A1;04.02.2022;18:30;20;25;25;35;1;Info;;50
13172;A1;04.02.2022;18:35;35;30;25;30;1;Info;;92
13173;A1;04.02.2022;18:40;20;25;25;35;1;Info;;33
13174;A1;04.02.2022;18:45;35;30;25;30;1;Info;;60
13175;A1;04.02.2022;18:50;50;50;20;30;1;Info;;49
13176;A1;04.02.2022;18:55;60;60;20;30;1;Info;;87
13177;A1;04.02.2022;19:00;80;85;20;30;1;Warning;Data connection very slow;14
13178;A1;04.02.2022;19:05;99;99;20;30;0;Error;Interface not reachable;62
13179;A1;04.02.2022;19:10;99;99;20;30;0;Error;Interface not reachable;99
13180;A1;04.02.2022;19:15;99;99;20;30;0;Error;Interface not reachable;32
13181;A1;04.02.2022;19:20;60;60;20;30;0;Error;Could not connect to database;15
13182;A1;04.02.2022;19:25;20;25;25;35;1;Warning;DHCP error -could not get IP;98
13183;A1;04.02.2022;19:30;35;30;25;30;0;Error;Not reachable server endpoint;15
13184;A1;04.02.2022;19:35;20;25;25;35;1;Info;;69
13185;A1;04.02.2022;19:40;35;30;25;30;1;Info;;28
13186;A1;04.02.2022;19:45;20;25;25;35;1;Info;;81
13187;A1;04.02.2022;19:50;35;30;25;30;1;Info;;75
13188;A1;04.02.2022;19:55;50;50;20;30;1;Info;;82
13189;A1;04.02.2022;20:00;60;60;20;30;1;Info;;48
13190;A1;04.02.2022;20:05;50;50;20;30;1;Info;;61
13191;A1;04.02.2022;20:10;60;60;20;30;1;Info;;30
13192;A1;04.02.2022;20:15;60;60;20;30;0;Error;Could not connect to database;25
13193;A1;04.02.2022;20:20;20;25;25;35;1;Info;;44
13194;A1;04.02.2022;20:25;35;30;25;30;1;Info;;6
13195;A1;04.02.2022;20:30;20;25;25;35;1;Info;;11
13196;A1;04.02.2022;20:35;35;30;25;30;1;Info;;94
13197;A1;04.02.2022;20:40;50;50;20;30;1;Info;;77
13198;A1;04.02.2022;20:45;60;60;20;30;1;Info;;49
13199;A1;04.02.2022;20:50;20;25;25;35;1;Info;;84
13200;A1;04.02.2022;20:55;35;30;25;30;1;Info;;73
13201;A1;04.02.2022;21:00;20;25;25;35;1;Info;;8
13202;A1;06.02.2022;06:00;35;30;25;30;1;Info;;55
13203;A1;06.02.2022;06:05;50;50;20;30;1;Info;;25
13204;A1;06.02.2022;06:10;60;60;20;30;1;Info;;98
13205;A1;06.02.2022;06:15;50;50;20;30;1;Info;;89
13206;A1;06.02.2022;06:20;60;60;20;30;1;Info;;68
13207;A1;06.02.2022;06:25;80;85;20;30;1;Warning;Data connection very slow;33
13208;A1;06.02.2022;06:30;99;99;20;30;0;Error;Interface not reachable;21
13209;A1;06.02.2022;06:35;99;99;20;30;0;Error;Interface not reachable;30
13210;A1;06.02.2022;06:40;99;99;20;30;0;Error;Interface not reachable;58
13211;A1;06.02.2022;06:45;50;50;20;30;1;Info;;9
13212;A1;06.02.2022;06:50;60;60;20;30;1;Info;;14
13213;A1;06.02.2022;06:55;50;50;20;30;1;Info;;72
13214;A1;06.02.2022;07:00;60;60;20;30;1;Info;;61
13215;A1;06.02.2022;07:05;80;85;20;30;1;Warning;Data connection very slow;67
13216;A1;06.02.2022;07:10;99;99;20;30;0;Error;Interface not reachable;85
13217;A1;06.02.2022;07:15;99;99;20;30;0;Error;Interface not reachable;62
13218;A1;06.02.2022;07:20;99;99;20;30;0;Error;Interface not reachable;65
13219;A1;06.02.2022;07:25;50;50;20;30;1;Info;;43
13220;A1;06.02.2022;07:30;60;60;20;30;1;Info;;61
13221;A1;06.02.2022;07:35;50;50;20;30;1;Info;;92
13222;A1;06.02.2022;07:40;60;60;20;30;1;Info;;29
13223;A1;06.02.2022;07:45;60;60;20;30;0;Error;;87
13224;A1;06.02.2022;07:50;20;25;25;35;1;Info;;43
13225;A1;06.02.2022;07:55;35;30;25;30;1;Info;;65
13226;A1;06.02.2022;08:00;20;25;25;35;1;Info;;79
13227;A1;06.02.2022;08:05;35;30;25;30;1;Info;;99
13228;A1;06.02.2022;08:10;50;50;20;30;1;Info;;61
13229;A1;06.02.2022;08:15;60;60;20;30;1;Info;;29
13230;A1;06.02.2022;08:20;20;25;25;35;1;Info;;50
13231;A1;06.02.2022;08:25;35;30;25;30;1;Info;;91
13232;A1;06.02.2022;08:30;20;25;25;35;1;Info;;54
13233;A1;06.02.2022;08:35;35;30;25;30;1;Info;;31
13234;A1;06.02.2022;08:40;50;50;20;30;1;Info;;15
13235;A1;06.02.2022;08:45;60;60;20;30;1;Info;;91
13236;A1;06.02.2022;08:50;50;50;20;30;1;Info;;82
13237;A1;06.02.2022;08:55;60;60;20;30;1;Info;;45
13238;A1;06.02.2022;09:00;60;60;20;30;0;Error;;53
13239;A1;06.02.2022;09:05;20;25;25;35;1;Info;;51
13240;A1;06.02.2022;09:10;35;30;25;30;1;Info;;66
13241;A1;06.02.2022;09:15;20;25;25;35;1;Info;;32
13242;A1;06.02.2022;09:20;35;30;25;30;1;Info;;24
13243;A1;06.02.2022;09:25;50;50;20;30;1;Info;;51
13244;A1;06.02.2022;09:30;60;60;20;30;1;Info;;71
13245;A1;06.02.2022;09:35;20;25;25;35;1;Info;;65
13246;A1;06.02.2022;09:40;35;30;25;30;1;Info;;56
13247;A1;06.02.2022;09:45;20;25;25;35;1;Info;;23
13248;A1;06.02.2022;09:50;35;30;25;30;1;Info;;57
13249;A1;06.02.2022;09:55;50;50;20;30;1;Info;;65
13250;A1;06.02.2022;10:00;60;60;20;30;1;Info;;29
13251;A1;06.02.2022;10:05;50;50;20;30;1;Info;;18
13252;A1;06.02.2022;10:10;60;60;20;30;1;Info;;54
13253;A1;06.02.2022;10:15;20;25;25;35;1;Info;;60
13254;A1;06.02.2022;10:20;35;30;25;30;1;Info;;3
13255;A1;06.02.2022;10:25;50;50;20;30;1;Info;;75
13256;A1;06.02.2022;10:30;60;60;20;30;1;Info;;93
13257;A1;06.02.2022;10:35;20;25;25;35;1;Info;;83
13258;A1;06.02.2022;10:40;35;30;25;30;1;Info;;12
13259;A1;06.02.2022;10:45;20;25;25;35;1;Info;;35
13260;A1;06.02.2022;10:50;35;30;25;30;1;Info;;32
13261;A1;06.02.2022;10:55;50;50;20;30;1;Info;;2
13262;A1;06.02.2022;11:00;60;60;20;30;1;Info;;94
13263;A1;06.02.2022;11:05;60;60;20;30;1;Info;;56
13264;A1;06.02.2022;11:10;20;25;25;35;1;Info;;94
13265;A1;06.02.2022;11:15;35;30;25;30;1;Info;;38
13266;A1;06.02.2022;11:20;20;25;25;35;1;Info;;13
13267;A1;06.02.2022;11:25;35;30;25;30;1;Info;;15
13268;A1;06.02.2022;11:30;60;60;20;30;1;Info;;84
13269;A1;06.02.2022;11:35;20;25;25;35;1;Info;;42
13270;A1;06.02.2022;11:40;35;30;25;30;1;Info;;39
13271;A1;06.02.2022;11:45;20;25;25;35;1;Info;;45
13272;A1;06.02.2022;11:50;35;30;25;30;1;Info;;100
13273;A1;06.02.2022;11:55;50;50;20;30;1;Info;;17
13274;A1;06.02.2022;12:00;60;60;20;30;1;Info;;85
13275;A1;06.02.2022;12:05;80;85;20;30;1;Warning;;69
13276;A1;06.02.2022;12:10;99;99;20;30;0;Error;;84
13277;A1;06.02.2022;12:15;99;99;20;30;0;Error;;5
13278;A1;06.02.2022;12:20;99;99;20;30;0;Error;;88
13279;A1;06.02.2022;12:25;60;60;20;30;0;Error;;2
13280;A1;06.02.2022;12:30;20;25;25;35;1;Warning;;75
13281;A1;06.02.2022;12:35;35;30;25;30;0;Error;;78
13282;A1;06.02.2022;12:40;50;50;20;30;1;Info;;26
13283;A1;06.02.2022;12:45;60;60;20;30;1;Info;;59
13284;A1;06.02.2022;12:50;60;60;20;30;0;Error;Could not connect to database;42
13285;A1;06.02.2022;12:55;20;25;25;35;1;Info;;82
13286;A1;06.02.2022;13:00;35;30;25;30;1;Info;;83
13287;A1;06.02.2022;13:05;20;25;25;35;1;Info;;4
13288;A1;06.02.2022;13:10;35;30;25;30;1;Info;;24
13289;A1;06.02.2022;13:15;50;50;20;30;1;Info;;33
13290;A1;06.02.2022;13:20;60;60;20;30;1;Info;;73
13291;A1;06.02.2022;13:25;80;85;20;30;1;Warning;Data connection very slow;61
13292;A1;06.02.2022;13:30;99;99;20;30;0;Error;Interface not reachable;5
13293;A1;06.02.2022;13:35;99;99;20;30;0;Error;Interface not reachable;85
13294;A1;06.02.2022;13:40;99;99;20;30;0;Error;Interface not reachable;55
13295;A1;06.02.2022;13:45;50;50;20;30;1;Info;;12
13296;A1;06.02.2022;13:50;60;60;20;30;1;Info;;79
13297;A1;06.02.2022;13:55;60;60;20;30;0;Error;Could not connect to database;93
13298;A1;06.02.2022;14:00;20;25;25;35;1;Info;;20
13299;A1;06.02.2022;14:05;35;30;25;30;1;Info;;48
13300;A1;06.02.2022;14:10;20;25;25;35;1;Info;;91
13301;A1;06.02.2022;14:15;35;30;25;30;1;Info;;70
13302;A1;06.02.2022;14:20;50;50;20;30;1;Info;;34
13303;A1;06.02.2022;14:25;60;60;20;30;1;Info;;48
13304;A1;06.02.2022;14:30;80;85;20;30;1;Warning;Data connection very slow;83
13305;A1;06.02.2022;14:35;99;99;20;30;0;Error;Interface not reachable;67
13306;A1;06.02.2022;14:40;99;99;20;30;0;Error;Interface not reachable;49
13307;A1;06.02.2022;14:45;99;99;20;30;0;Error;Interface not reachable;23
13308;A1;06.02.2022;14:50;60;60;20;30;0;Error;Could not connect to database;17
13309;A1;06.02.2022;14:55;20;25;25;35;1;Warning;DHCP error -could not get IP;48
13310;A1;06.02.2022;15:00;35;30;25;30;0;Error;Not reachable server endpoint;33
13311;A1;06.02.2022;15:05;20;25;25;35;1;Info;;72
13312;A1;06.02.2022;15:10;35;30;25;30;1;Info;;33
13313;A1;06.02.2022;15:15;20;25;25;35;1;Info;;87
13314;A1;06.02.2022;15:20;35;30;25;30;1;Info;;66
13315;A1;06.02.2022;15:25;50;50;20;30;1;Info;;69
13316;A1;06.02.2022;15:30;60;60;20;30;1;Info;;13
13317;A1;06.02.2022;15:35;50;50;20;30;1;Info;;83
13318;A1;06.02.2022;15:40;60;60;20;30;1;Info;;49
13319;A1;06.02.2022;15:45;60;60;20;30;0;Error;Could not connect to database;30
13320;A1;06.02.2022;15:50;20;25;25;35;1;Info;;61
13321;A1;06.02.2022;15:55;35;30;25;30;1;Info;;92
13322;A1;06.02.2022;16:00;20;25;25;35;1;Info;;75
13323;A1;06.02.2022;16:05;35;30;25;30;1;Info;;92
13324;A1;06.02.2022;16:10;50;50;20;30;1;Info;;31
13325;A1;06.02.2022;16:15;60;60;20;30;1;Info;;12
13326;A1;06.02.2022;16:20;50;50;20;30;1;Info;;29
13327;A1;06.02.2022;16:25;60;60;20;30;1;Info;;99
13328;A1;06.02.2022;16:30;60;60;20;30;0;Error;Could not connect to database;7
13329;A1;06.02.2022;16:35;20;25;25;35;1;Info;;85
13330;A1;06.02.2022;16:40;35;30;25;30;1;Info;;25
13331;A1;06.02.2022;16:45;20;25;25;35;1;Info;;41
13332;A1;06.02.2022;16:50;35;30;25;30;1;Info;;15
13333;A1;06.02.2022;16:55;50;50;20;30;1;Info;;87
13334;A1;06.02.2022;17:00;60;60;20;30;1;Info;;65
13335;A1;06.02.2022;17:05;80;85;20;30;1;Warning;Data connection very slow;10
13336;A1;06.02.2022;17:10;99;99;20;30;0;Error;Interface not reachable;41
13337;A1;06.02.2022;17:15;99;99;20;30;0;Error;Interface not reachable;3
13338;A1;06.02.2022;17:20;99;99;20;30;0;Error;Interface not reachable;58
13339;A1;06.02.2022;17:25;50;50;20;30;1;Info;;35
13340;A1;06.02.2022;17:30;60;60;20;30;1;Info;;1
13341;A1;06.02.2022;17:35;60;60;20;30;0;Error;Could not connect to database;94
13342;A1;06.02.2022;17:40;20;25;25;35;1;Info;;6
13343;A1;06.02.2022;17:45;35;30;25;30;1;Info;;95
13344;A1;06.02.2022;17:50;20;25;25;35;1;Info;;13
13345;A1;06.02.2022;17:55;35;30;25;30;1;Info;;11
13346;A1;06.02.2022;18:00;50;50;20;30;1;Info;;41
13347;A1;06.02.2022;18:05;60;60;20;30;1;Info;;13
13348;A1;06.02.2022;18:10;80;85;20;30;1;Warning;Data connection very slow;18
13349;A1;06.02.2022;18:15;99;99;20;30;0;Error;Interface not reachable;17
13350;A1;06.02.2022;18:20;99;99;20;30;0;Error;Interface not reachable;21
13351;A1;06.02.2022;18:25;99;99;20;30;0;Error;Interface not reachable;54
13352;A1;06.02.2022;18:30;60;60;20;30;0;Error;Could not connect to database;97
13353;A1;06.02.2022;18:35;20;25;25;35;1;Warning;DHCP error -could not get IP;46
13354;A1;06.02.2022;18:40;35;30;25;30;0;Error;Not reachable server endpoint;2
13355;A1;06.02.2022;18:45;50;50;20;30;1;Info;;86
13356;A1;06.02.2022;18:50;60;60;20;30;1;Info;;45
13357;A1;06.02.2022;18:55;60;60;20;30;0;Error;Could not connect to database;77
13358;A1;06.02.2022;19:00;20;25;25;35;1;Info;;92
13359;A1;06.02.2022;19:05;35;30;25;30;1;Info;;22
13360;A1;06.02.2022;19:10;20;25;25;35;1;Info;;70
13361;A1;06.02.2022;19:15;35;30;25;30;1;Info;;89
13362;A1;06.02.2022;19:20;50;50;20;30;1;Info;;69
13363;A1;06.02.2022;19:25;60;60;20;30;1;Info;;37
13364;A1;06.02.2022;19:30;80;85;20;30;1;Warning;Data connection very slow;64
13365;A1;06.02.2022;19:35;99;99;20;30;0;Error;Interface not reachable;44
13366;A1;06.02.2022;19:40;99;99;20;30;0;Error;Interface not reachable;22
13367;A1;06.02.2022;19:45;99;99;20;30;0;Error;Interface not reachable;57
13368;A1;06.02.2022;19:50;50;50;20;30;1;Info;;55
13369;A1;06.02.2022;19:55;60;60;20;30;1;Info;;55
13370;A1;06.02.2022;20:00;60;60;20;30;0;Error;Could not connect to database;8
13371;A1;06.02.2022;20:05;20;25;25;35;1;Info;;41
13372;A1;06.02.2022;20:10;35;30;25;30;1;Info;;48
13373;A1;06.02.2022;20:15;20;25;25;35;1;Info;;93
13374;A1;06.02.2022;20:20;35;30;25;30;1;Info;;56
13375;A1;06.02.2022;20:25;50;50;20;30;1;Info;;95
13376;A1;06.02.2022;20:30;60;60;20;30;1;Info;;25
13377;A1;06.02.2022;20:35;80;85;20;30;1;Warning;Data connection very slow;75
13378;A1;06.02.2022;20:40;99;99;20;30;0;Error;Interface not reachable;62
13379;A1;06.02.2022;20:45;99;99;20;30;0;Error;Interface not reachable;96
13380;A1;06.02.2022;20:50;99;99;20;30;0;Error;Interface not reachable;28
13381;A1;06.02.2022;20:55;60;60;20;30;0;Error;Could not connect to database;64
13382;A1;06.02.2022;21:00;20;25;25;35;1;Warning;DHCP error -could not get IP;43
13383;A1;07.02.2022;06:00;35;30;25;30;0;Error;Not reachable server endpoint;10
13384;A1;07.02.2022;06:05;20;25;25;35;1;Info;;2
13385;A1;07.02.2022;06:10;35;30;25;30;1;Info;;40
13386;A1;07.02.2022;06:15;20;25;25;35;1;Info;;33
13387;A1;07.02.2022;06:20;35;30;25;30;1;Info;;59
13388;A1;07.02.2022;06:25;50;50;20;30;1;Info;;11
13389;A1;07.02.2022;06:30;60;60;20;30;1;Info;;37
13390;A1;07.02.2022;06:35;50;50;20;30;1;Info;;51
13391;A1;07.02.2022;06:40;60;60;20;30;1;Info;;69
13392;A1;07.02.2022;06:45;60;60;20;30;0;Error;Could not connect to database;49
13393;A1;07.02.2022;06:50;20;25;25;35;1;Info;;3
13394;A1;07.02.2022;06:55;35;30;25;30;1;Info;;67
13395;A1;07.02.2022;07:00;20;25;25;35;1;Info;;90
13396;A1;07.02.2022;07:05;35;30;25;30;1;Info;;100
13397;A1;07.02.2022;07:10;50;50;20;30;1;Info;;10
13398;A1;07.02.2022;07:15;60;60;20;30;1;Info;;4
13399;A1;07.02.2022;07:20;80;85;20;30;1;Warning;Data connection very slow;40
13400;A1;07.02.2022;07:25;99;99;20;30;0;Error;Interface not reachable;36
13401;A1;07.02.2022;07:30;99;99;20;30;0;Error;Interface not reachable;54
13402;A1;07.02.2022;07:35;99;99;20;30;0;Error;Interface not reachable;35
13403;A1;07.02.2022;07:40;50;50;20;30;1;Info;;64
13404;A1;07.02.2022;07:45;60;60;20;30;1;Info;;96
13405;A1;07.02.2022;07:50;60;60;20;30;0;Error;Could not connect to database;85
13406;A1;07.02.2022;07:55;20;25;25;35;1;Info;;96
13407;A1;07.02.2022;08:00;35;30;25;30;1;Info;;90
13408;A1;07.02.2022;08:05;20;25;25;35;1;Info;;35
13409;A1;07.02.2022;08:10;35;30;25;30;1;Info;;40
13410;A1;07.02.2022;08:15;50;50;20;30;1;Info;;23
13411;A1;07.02.2022;08:20;60;60;20;30;1;Info;;67
13412;A1;07.02.2022;08:25;80;85;20;30;1;Warning;Data connection very slow;20
13413;A1;07.02.2022;08:30;99;99;20;30;0;Error;Interface not reachable;46
13414;A1;07.02.2022;08:35;99;99;20;30;0;Error;Interface not reachable;91
13415;A1;07.02.2022;08:40;99;99;20;30;0;Error;Interface not reachable;20
13416;A1;07.02.2022;08:45;60;60;20;30;0;Error;Could not connect to database;53
13417;A1;07.02.2022;08:50;20;25;25;35;1;Warning;DHCP error -could not get IP;61
13418;A1;07.02.2022;08:55;35;30;25;30;0;Error;Not reachable server endpoint;47
13419;A1;07.02.2022;09:00;20;25;25;35;1;Info;;23
13420;A1;07.02.2022;09:05;35;30;25;30;1;Info;;61
13421;A1;07.02.2022;09:10;20;25;25;35;1;Info;;91
13422;A1;07.02.2022;09:15;35;30;25;30;1;Info;;42
13423;A1;07.02.2022;09:20;50;50;20;30;1;Info;;1
13424;A1;07.02.2022;09:25;60;60;20;30;1;Info;;24
13425;A1;07.02.2022;09:30;50;50;20;30;1;Info;;17
13426;A1;07.02.2022;09:35;60;60;20;30;1;Info;;35
13427;A1;07.02.2022;09:40;60;60;20;30;0;Error;Could not connect to database;32
13428;A1;07.02.2022;09:45;20;25;25;35;1;Info;;89
13429;A1;07.02.2022;09:50;35;30;25;30;1;Info;;71
13430;A1;07.02.2022;09:55;20;25;25;35;1;Info;;54
13431;A1;07.02.2022;10:00;35;30;25;30;1;Info;;93
13432;A1;07.02.2022;10:05;50;50;20;30;1;Info;;66
13433;A1;07.02.2022;10:10;60;60;20;30;1;Info;;71
13434;A1;07.02.2022;10:15;80;85;20;30;1;Warning;Data connection very slow;9
13435;A1;07.02.2022;10:20;99;99;20;30;0;Error;Interface not reachable;40
13436;A1;07.02.2022;10:25;99;99;20;30;0;Error;Interface not reachable;92
13437;A1;07.02.2022;10:30;99;99;20;30;0;Error;Interface not reachable;68
13438;A1;07.02.2022;10:35;50;50;20;30;1;Info;;78
13439;A1;07.02.2022;10:40;60;60;20;30;1;Info;;35
13440;A1;07.02.2022;10:45;60;60;20;30;0;Error;Could not connect to database;100
13441;A1;07.02.2022;10:50;20;25;25;35;1;Info;;87
13442;A1;07.02.2022;10:55;35;30;25;30;1;Info;;3
13443;A1;07.02.2022;11:00;20;25;25;35;1;Info;;88
13444;A1;07.02.2022;11:05;35;30;25;30;1;Info;;75
13445;A1;07.02.2022;11:10;50;50;20;30;1;Info;;5
13446;A1;07.02.2022;11:15;60;60;20;30;1;Info;;96
13447;A1;07.02.2022;11:20;80;85;20;30;1;Warning;Data connection very slow;15
13448;A1;07.02.2022;11:25;99;99;20;30;0;Error;Interface not reachable;37
13449;A1;07.02.2022;11:30;99;99;20;30;0;Error;Interface not reachable;29
13450;A1;07.02.2022;11:35;99;99;20;30;0;Error;Interface not reachable;10
13451;A1;07.02.2022;11:40;60;60;20;30;0;Error;Could not connect to database;33
13452;A1;07.02.2022;11:45;20;25;25;35;1;Warning;DHCP error -could not get IP;67
13453;A1;07.02.2022;11:50;35;30;25;30;0;Error;Not reachable server endpoint;66
13454;A1;07.02.2022;11:55;20;25;25;35;1;Info;;60
13455;A1;07.02.2022;12:00;35;30;25;30;1;Info;;97
13456;A1;07.02.2022;12:05;20;25;25;35;1;Info;;61
13457;A1;07.02.2022;12:10;35;30;25;30;1;Info;;96
13458;A1;07.02.2022;12:15;50;50;20;30;1;Info;;96
13459;A1;07.02.2022;12:20;60;60;20;30;1;Info;;81
13460;A1;07.02.2022;12:25;50;50;20;30;1;Info;;32
13461;A1;07.02.2022;12:30;60;60;20;30;1;Info;;50
13462;A1;07.02.2022;12:35;60;60;20;30;0;Error;Could not connect to database;71
13463;A1;07.02.2022;12:40;20;25;25;35;1;Info;;35
13464;A1;07.02.2022;12:45;35;30;25;30;1;Info;;17
13465;A1;07.02.2022;12:50;20;25;25;35;1;Info;;34
13466;A1;07.02.2022;12:55;35;30;25;30;1;Info;;43
13467;A1;07.02.2022;13:00;50;50;20;30;1;Info;;65
13468;A1;07.02.2022;13:05;60;60;20;30;1;Info;;20
13469;A1;07.02.2022;13:10;80;85;20;30;1;Warning;Data connection very slow;74
13470;A1;07.02.2022;13:15;99;99;20;30;0;Error;Interface not reachable;32
13471;A1;07.02.2022;13:20;99;99;20;30;0;Error;Interface not reachable;60
13472;A1;07.02.2022;13:25;99;99;20;30;0;Error;Interface not reachable;36
13473;A1;07.02.2022;13:30;50;50;20;30;1;Info;;14
13474;A1;07.02.2022;13:35;60;60;20;30;1;Info;;96
13475;A1;07.02.2022;13:40;60;60;20;30;0;Error;Could not connect to database;14
13476;A1;07.02.2022;13:45;20;25;25;35;1;Info;;57
13477;A1;07.02.2022;13:50;35;30;25;30;1;Info;;83
13478;A1;07.02.2022;13:55;20;25;25;35;1;Info;;57
13479;A1;07.02.2022;14:00;35;30;25;30;1;Info;;71
13480;A1;07.02.2022;14:05;50;50;20;30;1;Info;;82
13481;A1;07.02.2022;14:10;60;60;20;30;1;Info;;39
13482;A1;07.02.2022;14:15;20;25;25;35;1;Info;;12
13483;A1;07.02.2022;14:20;35;30;25;30;1;Info;;80
13484;A1;07.02.2022;14:25;20;25;25;35;1;Info;;62
13485;A1;07.02.2022;14:30;35;30;25;30;1;Info;;76
13486;A1;07.02.2022;14:35;50;50;20;30;1;Info;;7
13487;A1;07.02.2022;14:40;60;60;20;30;1;Info;;31
13488;A1;07.02.2022;14:45;20;25;25;35;1;Info;;10
13489;A1;07.02.2022;14:50;35;30;25;30;1;Info;;85
13490;A1;07.02.2022;14:55;20;25;25;35;1;Info;;11
13491;A1;07.02.2022;15:00;35;30;25;30;1;Info;;63
13492;A1;07.02.2022;15:05;50;50;20;30;1;Info;;91
13493;A1;07.02.2022;15:10;60;60;20;30;1;Info;;18
13494;A1;07.02.2022;15:15;60;60;20;30;1;Info;;3
13495;A1;07.02.2022;15:20;20;25;25;35;1;Info;;78
13496;A1;07.02.2022;15:25;35;30;25;30;1;Info;;27
13497;A1;07.02.2022;15:30;20;25;25;35;1;Info;;11
13498;A1;07.02.2022;15:35;35;30;25;30;1;Info;;55
13499;A1;07.02.2022;15:40;50;50;20;30;1;Info;;10
13500;A1;07.02.2022;15:45;60;60;20;30;1;Info;;62
13501;A1;07.02.2022;15:50;20;25;25;35;1;Info;;99
13502;A1;07.02.2022;15:55;35;30;25;30;1;Info;;83
13503;A1;07.02.2022;16:00;20;25;25;35;1;Info;;100
13504;A1;07.02.2022;16:05;35;30;25;30;1;Info;;16
13505;A1;07.02.2022;16:10;50;50;20;30;1;Info;;27
13506;A1;07.02.2022;16:15;60;60;20;30;1;Info;;62
13507;A1;07.02.2022;16:20;80;85;20;30;1;Warning;Data connection very slow;46
13508;A1;07.02.2022;16:25;99;99;20;30;0;Error;Interface not reachable;57
13509;A1;07.02.2022;16:30;99;99;20;30;0;Error;Interface not reachable;49
13510;A1;07.02.2022;16:35;99;99;20;30;0;Error;Interface not reachable;89
13511;A1;07.02.2022;16:40;60;60;20;30;0;Error;Could not connect to database;36
13512;A1;07.02.2022;16:45;20;25;25;35;1;Warning;DHCP error -could not get IP;83
13513;A1;07.02.2022;16:50;35;30;25;30;0;Error;Not reachable server endpoint;5
13514;A1;07.02.2022;16:55;20;25;25;35;1;Info;;75
13515;A1;07.02.2022;17:00;35;30;25;30;1;Info;;51
13516;A1;07.02.2022;17:05;50;50;20;30;1;Info;;34
13517;A1;07.02.2022;17:10;60;60;20;30;1;Info;;41
13518;A1;07.02.2022;17:15;20;25;25;35;1;Info;;16
13519;A1;07.02.2022;17:20;35;30;25;30;1;Info;;66
13520;A1;07.02.2022;17:25;20;25;25;35;1;Info;;30
13521;A1;07.02.2022;17:30;35;30;25;30;1;Info;;21
13522;A1;07.02.2022;17:35;50;50;20;30;1;Info;;78
13523;A1;07.02.2022;17:40;60;60;20;30;1;Info;;57
13524;A1;07.02.2022;17:45;20;25;25;35;1;Info;;90
13525;A1;07.02.2022;17:50;35;30;25;30;1;Info;;44
13526;A1;07.02.2022;17:55;20;25;25;35;1;Info;;15
13527;A1;07.02.2022;18:00;35;30;25;30;1;Info;;52
13528;A1;07.02.2022;18:05;50;50;20;30;1;Info;;83
13529;A1;07.02.2022;18:10;60;60;20;30;1;Info;;41
13530;A1;07.02.2022;18:15;60;60;20;30;1;Info;;97
13531;A1;07.02.2022;18:20;20;25;25;35;1;Info;;4
13532;A1;07.02.2022;18:25;35;30;25;30;1;Info;;34
13533;A1;07.02.2022;18:30;20;25;25;35;1;Info;;43
13534;A1;07.02.2022;18:35;35;30;25;30;1;Info;;75
13535;A1;07.02.2022;18:40;60;60;20;30;1;Info;;53
13536;A1;07.02.2022;18:45;20;25;25;35;1;Info;;55
13537;A1;07.02.2022;18:50;35;30;25;30;1;Info;;8
13538;A1;07.02.2022;18:55;20;25;25;35;1;Info;;12
13539;A1;07.02.2022;19:00;35;30;25;30;1;Info;;29
13540;A1;07.02.2022;19:05;50;50;20;30;1;Info;;27
13541;A1;07.02.2022;19:10;60;60;20;30;1;Info;;43
13542;A1;07.02.2022;19:15;80;85;20;30;1;Warning;;88
13543;A1;07.02.2022;19:20;99;99;20;30;0;Error;;73
13544;A1;07.02.2022;19:25;99;99;20;30;0;Error;;66
13545;A1;07.02.2022;19:30;99;99;20;30;0;Error;;41
13546;A1;07.02.2022;19:35;60;60;20;30;0;Error;;20
13547;A1;07.02.2022;19:40;20;25;25;35;1;Warning;;55
13548;A1;07.02.2022;19:45;35;30;25;30;0;Error;;81
13549;A1;07.02.2022;19:50;50;50;20;30;1;Info;;46
13550;A1;07.02.2022;19:55;60;60;20;30;1;Info;;82
13551;A1;07.02.2022;20:00;60;60;20;30;0;Error;Could not connect to database;69
13552;A1;07.02.2022;20:05;20;25;25;35;1;Info;;83
13553;A1;07.02.2022;20:10;35;30;25;30;1;Info;;86
13554;A1;07.02.2022;20:15;20;25;25;35;1;Info;;2
13555;A1;07.02.2022;20:20;35;30;25;30;1;Info;;86
13556;A1;07.02.2022;20:25;50;50;20;30;1;Info;;1
13557;A1;07.02.2022;20:30;60;60;20;30;1;Info;;24
13558;A1;07.02.2022;20:35;80;85;20;30;1;Warning;Data connection very slow;55
13559;A1;07.02.2022;20:40;99;99;20;30;0;Error;Interface not reachable;67
13560;A1;07.02.2022;20:45;99;99;20;30;0;Error;Interface not reachable;84
13561;A1;07.02.2022;20:50;99;99;20;30;0;Error;Interface not reachable;79
13562;A1;07.02.2022;20:55;50;50;20;30;1;Info;;27
13563;A1;07.02.2022;21:00;60;60;20;30;1;Info;;81
12517;A1;44593;0,385416667;60;60;20;30;0;Error;Could not connect to database;41
12518;A1;44593;0,388888889;20;25;25;35;1;Info;;69
12519;A1;44593;0,392361111;35;30;25;30;1;Info;;61
12520;A1;44593;0,395833333;20;25;25;35;1;Info;;63
12521;A1;44593;0,399305556;35;30;25;30;1;Info;;21
12522;A1;44593;0,402777778;50;50;20;30;1;Info;;66
12523;A1;44593;0,40625;60;60;20;30;1;Info;;41
12524;A1;44593;0,409722222;80;85;20;30;1;Warning;Data connection very slow;43
12525;A1;44593;0,413194444;99;99;20;30;0;Error;Interface not reachable;98
